Workbook
Name TitleRegion1.A6.E63.1: #REF!
Name TitleRegion1.A6.E63.10: #REF!
Name TitleRegion1.A6.E63.11: #REF!
Name TitleRegion1.A6.E63.12: #REF!
Name TitleRegion1.A6.E63.13: #REF!
Name TitleRegion1.A6.E63.2: #REF!
Name TitleRegion1.A6.E63.3: #REF!
Name TitleRegion1.A6.E63.4: 'January-2018'!$A$7:$A$7
Name TitleRegion1.A6.E63.5: 'February-2018'!$A$7:$A$7
Name TitleRegion1.A6.E63.6: 'March-2018'!$A$7:$A$7
Name TitleRegion1.A6.E63.7: #REF!
Name TitleRegion1.A6.E63.8: #REF!
Name TitleRegion1.A6.E63.9: #REF!

Sheet Combined
A1: Date | B1: Total Enrollees | C1: Delta Total | D1: Total Group VIII | E1: Delta VIII | F1: Number of States in Group VIII
A2: 43101 | B2: ='January-2018'!B64 -> 77061511 | C2: 0 | D2: ='January-2018'!C64 -> 15805637 | E2: 0 | F2: 35
A3: 43132 | B3: ='February-2018'!B64 -> 76816414 | C3: =(B3-B2)/B2 -> -0.0031805372 | D3: ='February-2018'!C64 -> 15643345 | E3: =(D3-D2)/D2 -> -0.010267982 | F3: 35
A4: 43160 | B4: ='March-2018'!B64 -> 76672124 | C4: =(B4-B3)/B3 -> -0.0018783746 | D4: ='March-2018'!C64 -> 15628063 | E4: =(D4-D3)/D3 -> -0.00097690104 | F4: 35
A5: 43191 | B5: ='April-2018'!B64 -> 76587909 | C5: =(B5-B4)/B4 -> -0.0010983783 | D5: ='April-2018'!C64 -> 15597932 | E5: =(D5-D4)/D4 -> -0.001928006 | F5: 35
A6: 43221 | B6: ='May-2018'!B64 -> 76388516 | C6: =(B6-B5)/B5 -> -0.0026034527 | D6: ='May-2018'!C64 -> 15563132 | E6: =(D6-D5)/D5 -> -0.002231065 | F6: 35
A7: 43252 | B7: ='June-2018'!B64 -> 75959344 | C7: =(B7-B6)/B6 -> -0.0056182791 | D7: ='June-2018'!C64 -> 15438583 | E7: =(D7-D6)/D6 -> -0.0080028236 | F7: 35
A8: 43282 | B8: ='July-2018'!B64 -> 76353875 | C8: =(B8-B7)/B7 -> 0.0051939759 | D8: ='July-2018'!C64 -> 15448246 | E8: =(D8-D7)/D7 -> 0.00062589941 | F8: 35
A9: 43313 | B9: ='August-2018'!B64 -> 76065396 | C9: =(B9-B8)/B8 -> -0.0037781841 | D9: ='August-2018'!C64 -> 15388683 | E9: =(D9-D8)/D8 -> -0.0038556481 | F9: 35
A10: 43344 | B10: ='September-2018'!B64 -> 75485517 | C10: =(B10-B9)/B9 -> -0.0076234271 | D10: ='September-2018'!C64 -> 15269032 | E10: =(D10-D9)/D9 -> -0.0077752593 | F10: 35
A11: 43374 | B11: ='October-2018'!B64 -> 75799027 | C11: =(B11-B10)/B10 -> 0.004153247 | D11: ='October-2018'!C64 -> 15335170 | E11: =(D11-D10)/D10 -> 0.0043315123 | F11: 35
A12: 43405 | B12: ='November-2018'!B64 -> 75525925 | C12: =(B12-B11)/B11 -> -0.003602975 | D12: ='November-2018'!C64 -> 15223609 | E12: =(D12-D11)/D11 -> -0.007274846 | F12: 35
A13: 43435 | B13: ='December-2018'!B64 -> 74770615 | C13: =(B13-B12)/B12 -> -0.010000672 | D13: ='December-2018'!C64 -> 15151153 | E13: =(D13-D12)/D12 -> -0.0047594496 | F13: 34
A14: 43466 | B14: ='January-2019'!B64 -> 75376060 | C14: =(B14-B13)/B13 -> 0.0080973655 | D14: ='January-2019'!C64 -> 15464581 | E14: =(D14-D13)/D13 -> 0.020686742 | F14: 37
A15: 43497 | B15: ='February-2019'!B64 -> 75153292 | C15: =(B15-B14)/B14 -> -0.0029554211 | D15: ='February-2019'!C64 -> 15448306 | E15: =(D15-D14)/D14 -> -0.0010524048 | F15: 37
A16: 43525 | B16: ='March-2019'!B64 -> 74877560 | C16: =(B16-B15)/B15 -> -0.0036689278 | D16: ='March-2019'!C64 -> 15439030 | E16: =(D16-D15)/D15 -> -0.00060045419 | F16: 37
A17: 43556 | B17: ='April-2019'!B64 -> 75071007 | C17: =(B17-B16)/B16 -> 0.002583511 | D17: ='April-2019'!C64 -> 15462070 | E17: =(D17-D16)/D16 -> 0.0014923217 | F17: 37
A18: 43586 | B18: ='May-2019'!B64 -> 74812854 | C18: =(B18-B17)/B17 -> -0.0034387843 | D18: ='May-2019'!C64 -> 15399528 | E18: =(D18-D17)/D17 -> -0.0040448659 | F18: 37
A19: 43617 | B19: ='June-2019'!B64 -> 74215582 | C19: =(B19-B18)/B18 -> -0.0079835479 | D19: ='June-2019'!C64 -> 15269635 | E19: =(D19-D18)/D18 -> -0.0084348689 | F19: 37
A20: 43647 | B20: ='July-2019'!B64 -> 74488451 | C20: =(B20-B19)/B19 -> 0.0036767077 | D20: ='July-2019'!C64 -> 15037252 | E20: =(D20-D19)/D19 -> -0.015218635 | F20: 37
A21: 43678 | B21: ='August-2019'!B64 -> 75037460 | C21: =(B21-B20)/B20 -> 0.0073703909 | D21: ='August-2019'!C64 -> 15518823 | E21: =(D21-D20)/D20 -> 0.0320252 | F21: 37
A22: 43709 | B22: ='September-2019'!B64 -> 75625105 | C22: =(B22-B21)/B21 -> 0.0078313552 | D22: ='September-2019'!C64 -> 15455475 | E22: =(D22-D21)/D21 -> -0.0040820106 | F22: 37
A23: 43739 | B23: ='October-2019'!B64 -> 75011359 | C23: =(B23-B22)/B22 -> -0.0081156383 | D23: ='October-2019'!C64 -> 15506627 | E23: =(D23-D22)/D22 -> 0.0033096362 | F23: 37
A24: 43770 | B24: ='November-2019'!B64 -> 74622336 | C24: =(B24-B23)/B23 -> -0.0051861879 | D24: ='November-2019'!C64 -> 15430736 | E24: =(D24-D23)/D23 -> -0.0048941011 | F24: 37
A25: 43800 | B25: ='December-2019'!B64 -> 74254894 | C25: =(B25-B24)/B24 -> -0.0049240217 | D25: ='December-2019'!C64 -> 15398703 | E25: =(D25-D24)/D24 -> -0.0020759217 | F25: 37
A26: 43831 | B26: ='January-2020'!B64 -> 74732556 | C26: =(B26-B25)/B25 -> 0.0064327343 | D26: ='January-2020'!C64 -> 15622036 | E26: =(D26-D25)/D25 -> 0.014503364 | F26: 39
A27: 43862 | B27: ='February-2020'!B64 -> 74443888 | C27: =(B27-B26)/B26 -> -0.0038626807 | D27: ='February-2020'!C64 -> 15542456 | E27: =(D27-D26)/D26 -> -0.0050940863 | F27: 39
A28: 43891 | B28: ='March-2020'!B64 -> 74275953 | C28: =(B28-B27)/B27 -> -0.0022558601 | D28: ='March-2020'!C64 -> 15545838 | E28: =(D28-D27)/D27 -> 0.00021759753 | F28: 39
A29: 43922 | B29: ='April-2020'!B64 -> 76114580 | C29: =(B29-B28)/B28 -> 0.024754001 | D29: ='April-2020'!C64 -> 16122919 | E29: =(D29-D28)/D28 -> 0.037121254 | F29: 39
A30: 43952 | B30: ='May-2020'!B64 -> 77169947 | C30: =(B30-B29)/B29 -> 0.013865504 | D30: ='May-2020'!C64 -> 16440132 | E30: =(D30-D29)/D29 -> 0.019674663 | F30: 39
A31: 43983 | B31: ='June-2020'!B64 -> 78055480 | C31: =(B31-B30)/B30 -> 0.011475102 | D31: ='June-2020'!C64 -> 16755755 | E31: =(D31-D30)/D30 -> 0.019198325 | F31: 39
A32: 44013 | B32: ='July-2020'!B64 -> 79309251 | C32: =(B32-B31)/B31 -> 0.016062562 | D32: ='July-2020'!C64 -> 17166056 | E32: =(D32-D31)/D31 -> 0.024487169 | F32: 39
A33: 44044 | B33: ='August-2020'!B64 -> 80202982 | C33: =(B33-B32)/B32 -> 0.011268938 | D33: ='August-2020'!C64 -> 17501260 | E33: =(D33-D32)/D32 -> 0.019527141 | F33: 39
A34: 44075 | B34: ='September-2020'!B64 -> 80938780 | C34: =(B34-B33)/B33 -> 0.0091741975 | D34: ='September-2020'!C64 -> 17740750 | E34: =(D34-D33)/D33 -> 0.013684158 | F34: 39
A35: 44105 | B35: ='October-2020'!B64 -> 83848958 | C35: =(B35-B34)/B34 -> 0.035955299 | D35: ='October-2020'!C64 -> 18649336 | E35: =(D35-D34)/D34 -> 0.051214633 | F35: 40
A36: 44136 | B36: ='November-2020'!B64 -> 85021129 | C36: =(B36-B35)/B35 -> 0.013979554 | D36: ='November-2020'!C64 -> 18365572 | E36: =(D36-D35)/D35 -> -0.01521577 | F36: 40
A37: 44166 | B37: ='December-2020'!B64 -> 83327207 | C37: =(B37-B36)/B36 -> -0.019923542 | D37: ='December-2020'!C64 -> 18740932 | E37: =(D37-D36)/D36 -> 0.020438242 | F37: 40
A38: 44197 | B38: ='January-2021'!B64 -> 84904129 | C38: =(B38-B37)/B37 -> 0.018924455 | D38: ='January-2021'!C64 -> 19346158 | E38: =(D38-D37)/D37 -> 0.032294338 | F38: 40
A39: 44228 | B39: ='February-2021'!B64 -> 85397214 | C39: =(B39-B38)/B38 -> 0.0058075503 | D39: ='February-2021'!C64 -> 19570667 | E39: =(D39-D38)/D38 -> 0.011604836 | F39: 40
A40: 44256 | B40: ='March-2021'!B64 -> 85910366 | C40: =(B40-B39)/B39 -> 0.0060090017 | D40: ='March-2021'!C64 -> 19782431 | E40: =(D40-D39)/D39 -> 0.010820479 | F40: 40
A41: 44287 | B41: ='April-2021'!B64 -> 86730928 | C41: =(B41-B40)/B40 -> 0.0095513736 | D41: ='April-2021'!C64 -> 20038831 | E41: =(D41-D40)/D40 -> 0.012960996 | F41: 40
A42: 44317 | B42: ='May-2021'!B64 -> 87232698 | C42: =(B42-B41)/B41 -> 0.0057853641 | D42: ='May-2021'!C64 -> 20210139 | E42: =(D42-D41)/D41 -> 0.0085488021 | F42: 40
A43: 44348 | B43: ='June-2021'!B64 -> 87595760 | C43: =(B43-B42)/B42 -> 0.0041619944 | D43: ='June-2021'!C64 -> 20354443 | E43: =(D43-D42)/D42 -> 0.0071401785 | F43: 40
A44: 44378 | B44: ='July-2021'!B64 -> 88407727 | C44: =(B44-B43)/B43 -> 0.0092694783 | D44: ='July-2021'!C64 -> 20652351 | E44: =(D44-D43)/D43 -> 0.014636018 | F44: 41
A45: 44409 | B45: ='August-2021'!B64 -> 89007226 | C45: =(B45-B44)/B44 -> 0.0067810702 | D45: ='August-2021'!C64 -> 20868398 | E45: =(D45-D44)/D44 -> 0.010461133 | F45: 41
A46: 44440 | B46: ='September-2021'!B64 -> 89384641 | C46: =(B46-B45)/B45 -> 0.0042402737 | D46: ='September-2021'!C64 -> 21033779 | E46: =(D46-D45)/D45 -> 0.0079249495 | F46: 41
A47: 44470 | B47: ='October-2021'!B64 -> 90288880 | C47: =(B47-B46)/B46 -> 0.010116268 | D47: ='October-2021'!C64 -> 21361605 | E47: =(D47-D46)/D46 -> 0.015585692 | F47: 42
A48: 44501 | B48: ='November-2021'!B64 -> 90916915 | C48: =(B48-B47)/B47 -> 0.00695584 | D48: ='November-2021'!C64 -> 21561580 | E48: =(D48-D47)/D47 -> 0.009361422 | F48: 42
A49: 44531 | B49: ='December-2021'!B64 -> 91152624 | C49: =(B49-B48)/B48 -> 0.0025925759 | D49: ='December-2021'!C64 -> 21763490 | E49: =(D49-D48)/D48 -> 0.0093643416 | F49: 42
A50: 44562 | B50: ='January-2022'!B64 -> 92054533 | C50: =(B50-B49)/B49 -> 0.009894493 | D50: ='January-2022'!C64 -> 22009309 | E50: =(D50-D49)/D49 -> 0.011295017 | F50: 42
A51: 44593 | B51: ='February-2022'!B64 -> 92416336 | C51: =(B51-B50)/B50 -> 0.0039303116 | D51: ='February-2022'!C64 -> 22150881 | E51: =(D51-D50)/D50 -> 0.0064323691 | F51: 42
A52: 44621 | B52: ='March-2022'!B64 -> 92843565 | C52: =(B52-B51)/B51 -> 0.0046228732 | D52: ='March-2022'!C64 -> 22299155 | E52: =(D52-D51)/D51 -> 0.0066938195 | F52: 42
A53: 44652 | B53: ='April-2022'!B64 -> 104075749 | C53: =(B53-B52)/B52 -> 0.12097967 | D53: ='April-2022'!C64 -> 33144607 | E53: =(D53-D52)/D52 -> 0.48636157 | F53: 42
A54: 44682 | B54: ='May-2022'!B64 -> 94051660 | C54: =(B54-B53)/B53 -> -0.096315319 | D54: ='May-2022'!C64 -> 22730436 | E54: =(D54-D53)/D53 -> -0.31420409 | F54: 42
A55: 44713 | B55: ='June-2022'!B64 -> 94517722 | C55: =(B55-B54)/B54 -> 0.004955383 | D55: ='June-2022'!C64 -> 22894107 | E55: =(D55-D54)/D54 -> 0.0072005218 | F55: 42
A56: 44743 | B56: ='July-2022'!B64 -> 95111777 | C56: =(B56-B55)/B55 -> 0.0062851176 | D56: ='July-2022'!C64 -> 23048691 | E56: =(D56-D55)/D55 -> 0.0067521306 | F56: 42
A57: 44774 | B57: ='August-2022'!B64 -> 95824368 | C57: =(B57-B56)/B56 -> 0.0074921426 | D57: ='August-2022'!C64 -> 23274555 | E57: =(D57-D56)/D56 -> 0.0097994285 | F57: 42
A58: 44805 | B58: ='September-2022'!B64 -> 96242503 | C58: =(B58-B57)/B57 -> 0.004363556 | D58: ='September-2022'!C64 -> 23433617 | E58: =(D58-D57)/D57 -> 0.0068341586 | F58: 42
A59: 44835 | B59: ='October-2022'!B64 -> 96904625 | C59: =(B59-B58)/B58 -> 0.0068797255 | D59: ='October-2022'!C64 -> 23680546 | E59: =(D59-D58)/D58 -> 0.010537383 | F59: 42
A60: 44866 | B60: ='November-2022'!B64 -> 97433463 | C60: =(B60-B59)/B59 -> 0.005457304 | D60: ='November-2022'!C64 -> 23868305 | E60: =(D60-D59)/D59 -> 0.007928829 | F60: 42
A61: 44896 | B61: ='December-2022'!B64 -> 97814451 | C61: =(B61-B60)/B60 -> 0.0039102377 | D61: ='December-2022'!C64 -> 24052258 | E61: =(D61-D60)/D60 -> 0.0077069989 | F61: 42
A62: 44927 | B62: ='January-2023'!B64 -> 98743626 | C62: =(B62-B61)/B61 -> 0.0094993632 | D62: ='January-2023'!C64 -> 24374903 | E62: =(D62-D61)/D61 -> 0.013414333 | F62: 42
A63: 44958 | B63: ='February-2023'!B64 -> 99047187 | C63: =(B63-B62)/B62 -> 0.0030742339 | D63: ='February-2023'!C64 -> 24514568 | E63: =(D63-D62)/D62 -> 0.005729869 | F63: 42
A64: 44986 | B64: ='March-2023'!B64 -> 99895730 | C64: =(B64-B63)/B63 -> 0.008567058 | D64: ='March-2023'!C64 -> 24814965 | E64: =(D64-D63)/D63 -> 0.012253816 | F64: 42
A65: 45017 | B65: ='April-2023'!B64 -> 100100536 | C65: =(B65-B64)/B64 -> 0.0020501977 | D65: ='April-2023'!C64 -> 24740263 | E65: =(D65-D64)/D64 -> -0.0030103609 | F65: 42
A66: 45047 | B66: ='May-2023'!B64 -> 99734767 | C66: =(B66-B65)/B65 -> -0.0036540164 | D66: ='May-2023'!C64 -> 24769169 | E66: =(D66-D65)/D65 -> 0.0011683788 | F66: 42
A67: 45078 | B67: ='June-2023'!B64 -> 98529848 | C67: =(B67-B66)/B66 -> -0.012081233 | D67: ='June-2023'!C64 -> 24526226 | E67: =(D67-D66)/D66 -> -0.0098082822 | F67: 42
A68: 45108 | B68: ='July-2023'!B64 -> 97857412 | C68: =(B68-B67)/B67 -> -0.0068246934 | D68: ='July-2023'!C64 -> 24408927 | E68: =(D68-D67)/D67 -> -0.0047825948 | F68: 43
A69: 45139 | B69: ='August-2023'!B64 -> 96623612 | C69: =(B69-B68)/B68 -> -0.012608141 | D69: ='August-2023'!C64 -> 24015508 | E69: =(D69-D68)/D68 -> -0.016117833 | F69: 43
A70: 45170 | B70: ='September-2023'!B64 -> 95335850 | C70: =(B70-B69)/B69 -> -0.013327612 | D70: ='September-2023'!C64 -> 23634543 | E70: =(D70-D69)/D69 -> -0.015863291 | F70: 43
A71: 45200 | B71: ='October-2023'!B64 -> 93799620 | C71: =(B71-B70)/B70 -> -0.016113875 | D71: ='October-2023'!C64 -> 23296105 | E71: =(D71-D70)/D70 -> -0.014319634 | F71: 43
A72: 45231 | B72: ='November-2023'!B64 -> 92066205 | C72: =(B72-B71)/B71 -> -0.018479979 | D72: ='November-2023'!C64 -> 22870835 | E72: =(D72-D71)/D71 -> -0.018254983 | F72: 43
A73: 45261 | B73: ='December-2023'!B64 -> 90517353 | C73: =(B73-B72)/B72 -> -0.016823241 | D73: ='December-2023'!C64 -> 22762911 | E73: =(D73-D72)/D72 -> -0.0047188483 | F73: 44
A74: 45292 | B74: ='January-2024'!B64 -> 89975996 | C74: =(B74-B73)/B73 -> -0.0059806985 | D74: ='January-2024'!C64 -> 22651839 | E74: =(D74-D73)/D73 -> -0.0048795165 | F74: 44
A75: 45323 | B75: ='February-2024'!B64 -> 89239469 | C75: =(B75-B74)/B74 -> -0.0081858166 | D75: ='February-2024'!C64 -> 22379889 | E75: =(D75-D74)/D74 -> -0.012005648 | F75: 44
A76: 45352 | B76: ='March-2024'!B64 -> 88428995 | C76: =(B76-B75)/B75 -> -0.0090820128 | D76: ='March-2024'!C64 -> 22045329 | E76: =(D76-D75)/D75 -> -0.014949136 | F76: 44
A77: 45383 | B77: ='April-2024'!B64 -> 87303815 | C77: =(B77-B76)/B76 -> -0.012724107 | D77: ='April-2024'!C64 -> 21789990 | E77: =(D77-D76)/D76 -> -0.011582454 | F77: 44
A78: 45413 | B78: ='May-2024'!B64 -> 86344918 | C78: =(B78-B77)/B77 -> -0.010983449 | D78: ='May-2024'!C64 -> 21436078 | E78: =(D78-D77)/D77 -> -0.016241953 | F78: 44
A79: 45444 | B79: ='June-2024'!B64 -> 85303813 | C79: =(B79-B78)/B78 -> -0.012057513 | D79: ='June-2024'!C64 -> 21061045 | E79: =(D79-D78)/D78 -> -0.017495411 | F79: 44
A80: 45474 | B80: ='July-2024'!B64 -> 85289974 | C80: =(B80-B79)/B79 -> -0.0001622319 | D80: ='July-2024'!C64 -> 20941996 | E80: =(D80-D79)/D79 -> -0.0056525685 | F80: 44
A81: 45505 | B81: ='August-2024'!B64 -> 85093798 | C81: =(B81-B80)/B80 -> -0.0023001062 | D81: ='August-2024'!C64 -> 20893077 | E81: =(D81-D80)/D80 -> -0.0023359282 | F81: 44
A82: 45536 | B82: ='September-2024'!B64 -> 84811338 | C82: =(B82-B81)/B81 -> -0.0033193959 | D82: ='September-2024'!C64 -> 20795660 | E82: =(D82-D81)/D81 -> -0.004662645 | F82: 44

Sheet January-2018
A1: Total Medicaid Enrollees - VIII Group Break Out Report
A2: January-2018
C3: Updated August 2019
A4: Reported on the CMS-64
A7: State | B7: Total Medicaid Enrollees | C7: Total VIII Group Enrollees | D7: Total VIII Group Newly Eligible Enrollees | E7: Total VIII Group Not Newly Eligible Enrollees
A8: Alabama | B8: 1020587 | C8: N/A | D8: N/A | E8: N/A
A9: Alaska | B9: 196284 | C9: 42966 | D9: 42938 | E9: 28
A10: Amer. Samoa | B10: 27898 | C10: N/A | D10: N/A | E10: N/A
A11: Arizona | B11: 1912427 | C11: 426466 | D11: 111692 | E11: 314774
A12: Arkansas | B12: 920504 | C12: 294581 | D12: 294263 | E12: 318
A13: California | B13: 13175429 | C13: 3847630 | D13: 3847630 | E13: 0
A14: Colorado | B14: 1303683 | C14: 410736 | D14: 408472 | E14: 2264
A15: Connecticut | B15: 920198 | C15: 242204 | D15: 222150 | E15: 20054
A16: Delaware | B16: 211708 | C16: 63045 | D16: 10538 | E16: 52507
A17: Dist. Of Col. | B17: 263558 | C17: 112784 | D17: 71290 | E17: 41494
A18: Florida | B18: 3993964 | C18: N/A | D18: N/A | E18: N/A
A19: Georgia | B19: 1955309 | C19: N/A | D19: N/A | E19: N/A
A20: Guam | B20: 35942 | C20: 3871 | D20: N/A | E20: 3871
A21: Hawaii | B21: 330477 | C21: 120260 | D21: 22747 | E21: 97513
A22: Idaho | B22: 309471 | C22: N/A | D22: N/A | E22: N/A
A23: Illinois | B23: 2943884 | C23: 751967 | D23: 645732 | E23: 106235
A24: Indiana | B24: 1356203 | C24: 446208 | D24: 326576 | E24: 119632
A25: Iowa | B25: 594982 | C25: 157220 | D25: 144106 | E25: 13114
A26: Kansas | B26: 374385 | C26: N/A | D26: N/A | E26: N/A
A27: Kentucky | B27: 1353473 | C27: 492959 | D27: 492959 | E27: 0
A28: Louisiana | B28: 1647299 | C28: 473172 | D28: 473172 | E28: 0
A29: Maine | B29: 256182 | C29: 0 | D29: 0 | E29: 0
A30: Maryland | B30: 1228669 | C30: 311497 | D30: 311497 | E30: 0
A31: Massachusetts | B31: 1809251 | C31: 369509 | D31: 0 | E31: 369509
A32: Michigan | B32: 2445117 | C32: 694972 | D32: 633228 | E32: 61744
A33: Minnesota | B33: 1107477 | C33: 210270 | D33: 209570 | E33: 700
A34: Mississippi | B34: 700020 | C34: N/A | D34: N/A | E34: N/A
A35: Missouri | B35: 968154 | C35: N/A | D35: N/A | E35: N/A
A36: Montana | B36: 256839 | C36: 94916 | D36: 94916 | E36: 0
A37: N. Mariana Islands | B37: 1492 | C37: N/A | D37: N/A | E37: N/A
A38: Nebraska | B38: 245972 | C38: N/A | D38: N/A | E38: N/A
A39: Nevada | B39: 598715 | C39: 215236 | D39: 215236 | E39: 0
A40: New Hampshire | B40: 191335 | C40: 56780 | D40: 56508 | E40: 272
A41: New Jersey | B41: 1699765 | C41: 568364 | D41: 568364 | E41: 0
A42: New Mexico | B42: 863477 | C42: 257654 | D42: 257654 | E42: 0
A43: New York | B43: 6170793 | C43: 1941667 | D43: 304192 | E43: 1637745
A44: North Carolina | B44: 2147230 | C44: N/A | D44: N/A | E44: N/A
A45: North Dakota | B45: 93019 | C45: 20893 | D45: 19828 | E45: 1065
A46: Ohio | B46: 3022167 | C46: 645274 | D46: 644909 | E46: 365
A47: Oklahoma | B47: 656753 | C47: N/A | D47: N/A | E47: N/A
A48: Oregon | B48: 967193 | C48: 458746 | D48: 386839 | E48: 71907
A49: Pennsylvania | B49: 2745884 | C49: 798424 | D49: 757342 | E49: 41082
A50: Puerto Rico | B50: 1257013 | C50: 383202 | D50: N/A | E50: 383202
A51: Rhode Island | B51: 309510 | C51: 69769 | D51: 69769 | E51: 0
A52: South Carolina | B52: 1258139 | C52: N/A | D52: N/A | E52: N/A
A53: South Dakota | B53: 105352 | C53: N/A | D53: N/A | E53: N/A
A54: Tennessee | B54: 1641168 | C54: N/A | D54: N/A | E54: N/A
A55: Texas | B55: 4326704 | C55: N/A | D55: N/A | E55: N/A
A56: Utah | B56: 298611 | C56: N/A | D56: N/A | E56: N/A
A57: Vermont | B57: 178454 | C57: 58761 | D57: 0 | E57: 58761
A58: Virgin Islands | B58: 23934 | C58: 9617 | D58: N/A | E58: 9617
A59: Virginia | B59: 1047599 | C59: N/A | D59: N/A | E59: N/A
A60: Washington | B60: 1799869 | C60: 584973 | D60: 571589 | E60: 13384
A61: West Virginia | B61: 542281 | C61: 169044 | D61: 169044 | E61: 0
A62: Wisconsin | B62: 1190616 | C62: N/A | D62: N/A | E62: N/A
A63: Wyoming | B63: 59092 | C63: N/A | D63: N/A | E63: N/A
A64: Totals | B64: =SUM(B8:B63) -> 77061511 | C64: =SUM(C8:C63) -> 15805637 | D64: =SUM(D8:D63) -> 12384750 | E64: =SUM(E8:E63) -> 3421157
A66: * Awaiting state reporting/enrollment reasonableness review in progress
A68: Notes:
A69: 1. “VIII GROUP” is also known as the “New Adult Group.”
A70: 2. The VIII Group is only applicable for states that have expanded their Medicaid programs by adopting the VIII Group. VIII Group enrollment information
A71: for the states that have not expanded their Medicaid program is noted as “N/A.”
A72: 3. Michigan expanded its Medicaid program by adopting the VIII Group on April 1, 2014.
A73: 4. New Hampshire expanded its Medicaid program by adopting the VIII Group on August 15, 2014
A74: 5. Pennsylvania expanded its Medicaid program by adopting the VIII Group on January 1, 2015.
A75: 6. Indiana expanded its Medicaid program by adopting the VIII Group on February 1, 2015
A76: 7. Virgin Island expanded its Medicaid program by adopting the VIII Group on June 1, 2015
A77: 8. Alaska expanded its Medicaid program by adopting the VIII Group on September 1, 2015.
A78: 9. Montana expanded its Medicaid program by adopting the VIII Group on January 1, 2016.
... A81: 12. Virginia expanded its Medicaid program by adopting the VIII Group on January 1, 2019.

Sheet February-2018
A1: Total Medicaid Enrollees - VIII Group Break Out Report
A2: February-2018
C3: Updated August 2019
A4: Reported on the CMS-64
A7: State | B7: Total Medicaid Enrollees | C7: Total VIII Group Enrollees | D7: Total VIII Group Newly Eligible Enrollees | E7: Total VIII Group Not Newly Eligible Enrollees
A8: Alabama | B8: 1018967 | C8: N/A | D8: N/A | E8: N/A
A9: Alaska | B9: 196618 | C9: 43303 | D9: 43271 | E9: 32
A10: Amer. Samoa | B10: 27898 | C10: N/A | D10: N/A | E10: N/A
A11: Arizona | B11: 1889445 | C11: 420428 | D11: 109296 | E11: 311132
A12: Arkansas | B12: 929130 | C12: 300840 | D12: 300546 | E12: 294
A13: California | B13: 13106525 | C13: 3826607 | D13: 3826607 | E13: 0
A14: Colorado | B14: 1298809 | C14: 410725 | D14: 408481 | E14: 2244
A15: Connecticut | B15: 913961 | C15: 241433 | D15: 221086 | E15: 20347
A16: Delaware | B16: 211567 | C16: 63099 | D16: 10492 | E16: 52607
A17: Dist. Of Col. | B17: 264587 | C17: 113085 | D17: 71873 | E17: 41212
A18: Florida | B18: 3968314 | C18: N/A | D18: N/A | E18: N/A
A19: Georgia | B19: 1960635 | C19: N/A | D19: N/A | E19: N/A
A20: Guam | B20: 35693 | C20: 3892 | D20: N/A | E20: 3892
A21: Hawaii | B21: 331067 | C21: 120890 | D21: 22889 | E21: 98001
A22: Idaho | B22: 307284 | C22: N/A | D22: N/A | E22: N/A
A23: Illinois | B23: 2892062 | C23: 737515 | D23: 631243 | E23: 106272
A24: Indiana | B24: 1346039 | C24: 319894 | D24: 319894 | E24: 0
A25: Iowa | B25: 598557 | C25: 159281 | D25: 146143 | E25: 13138
A26: Kansas | B26: 370313 | C26: N/A | D26: N/A | E26: N/A
A27: Kentucky | B27: 1356170 | C27: 493607 | D27: 493607 | E27: 0
A28: Louisiana | B28: 1647411 | C28: 476258 | D28: 476258 | E28: 0
A29: Maine | B29: 256424 | C29: 0 | D29: 0 | E29: 0
A30: Maryland | B30: 1233989 | C30: 312583 | D30: 312583 | E30: 0
A31: Massachusetts | B31: 1817350 | C31: 376408 | D31: 0 | E31: 376408
A32: Michigan | B32: 2446407 | C32: 696572 | D32: 635680 | E32: 60892
A33: Minnesota | B33: 1095709 | C33: 206685 | D33: 205983 | E33: 702
A34: Mississippi | B34: 696685 | C34: N/A | D34: N/A | E34: N/A
A35: Missouri | B35: 963062 | C35: N/A | D35: N/A | E35: N/A
A36: Montana | B36: 257398 | C36: 95667 | D36: 95667 | E36: 0
A37: N. Mariana Islands | B37: 1196 | C37: N/A | D37: N/A | E37: N/A
A38: Nebraska | B38: 246679 | C38: N/A | D38: N/A | E38: N/A
A39: Nevada | B39: 598712 | C39: 214570 | D39: 214570 | E39: 0
A40: New Hampshire | B40: 190733 | C40: 56186 | D40: 55908 | E40: 278
A41: New Jersey | B41: 1699435 | C41: 568669 | D41: 568669 | E41: 0
A42: New Mexico | B42: 859338 | C42: 257150 | D42: 257150 | E42: 0
A43: New York | B43: 6166041 | C43: 1937397 | D43: 303464 | E43: 1633933
A44: North Carolina | B44: 2150335 | C44: N/A | D44: N/A | E44: N/A
A45: North Dakota | B45: 93182 | C45: 20818 | D45: 19747 | E45: 1071
A46: Ohio | B46: 3014231 | C46: 640211 | D46: 639852 | E46: 359
A47: Oklahoma | B47: 651872 | C47: N/A | D47: N/A | E47: N/A
A48: Oregon | B48: 959901 | C48: 453840 | D48: 382597 | E48: 71243
A49: Pennsylvania | B49: 2746922 | C49: 798738 | D49: 757557 | E49: 41181
A50: Puerto Rico | B50: 1265139 | C50: 387916 | D50: N/A | E50: 387916
A51: Rhode Island | B51: 309321 | C51: 69813 | D51: 69813 | E51: 0
A52: South Carolina | B52: 1258564 | C52: N/A | D52: N/A | E52: N/A
A53: South Dakota | B53: 105692 | C53: N/A | D53: N/A | E53: N/A
A54: Tennessee | B54: 1615240 | C54: N/A | D54: N/A | E54: N/A
A55: Texas | B55: 4304474 | C55: N/A | D55: N/A | E55: N/A
A56: Utah | B56: 300615 | C56: N/A | D56: N/A | E56: N/A
A57: Vermont | B57: 178664 | C57: 58855 | D57: 0 | E57: 58855
A58: Virgin Islands | B58: 24198 | C58: 9751 | D58: N/A | E58: 9751
A59: Virginia | B59: 1052069 | C59: N/A | D59: N/A | E59: N/A
A60: Washington | B60: 1791975 | C60: 582620 | D60: 569170 | E60: 13450
A61: West Virginia | B61: 542038 | C61: 168039 | D61: 168039 | E61: 0
A62: Wisconsin | B62: 1192743 | C62: N/A | D62: N/A | E62: N/A
A63: Wyoming | B63: 59029 | C63: N/A | D63: N/A | E63: N/A
A64: Totals | B64: =SUM(B8:B63) -> 76816414 | C64: =SUM(C8:C63) -> 15643345 | D64: =SUM(D8:D63) -> 12338135 | E64: =SUM(E8:E63) -> 3305210
A66: * Awaiting state reporting/enrollment reasonableness review in progress
A68: Notes:
A69: 1. “VIII GROUP” is also known as the “New Adult Group.”
A70: 2. The VIII Group is only applicable for states that have expanded their Medicaid programs by adopting the VIII Group. VIII Group enrollment information
A71: for the states that have not expanded their Medicaid program is noted as “N/A.”
A72: 3. Michigan expanded its Medicaid program by adopting the VIII Group on April 1, 2014.
A73: 4. New Hampshire expanded its Medicaid program by adopting the VIII Group on August 15, 2014
A74: 5. Pennsylvania expanded its Medicaid program by adopting the VIII Group on January 1, 2015.
A75: 6. Indiana expanded its Medicaid program by adopting the VIII Group on February 1, 2015
A76: 7. Virgin Island expanded its Medicaid program by adopting the VIII Group on June 1, 2015
A77: 8. Alaska expanded its Medicaid program by adopting the VIII Group on September 1, 2015.
A78: 9. Montana expanded its Medicaid program by adopting the VIII Group on January 1, 2016.
... A81: 12. Virginia expanded its Medicaid program by adopting the VIII Group on January 1, 2019.

Sheet March-2018
A1: Total Medicaid Enrollees - VIII Group Break Out Report
A2: March-2018
C3: Updated August 2019
A4: Reported on the CMS-64
A7: State | B7: Total Medicaid Enrollees | C7: Total VIII Group Enrollees | D7: Total VIII Group Newly Eligible Enrollees | E7: Total VIII Group Not Newly Eligible Enrollees
A8: Alabama | B8: 1022959 | C8: N/A | D8: N/A | E8: N/A
A9: Alaska | B9: 197607 | C9: 43817 | D9: 43788 | E9: 29
A10: Amer. Samoa | B10: 27898 | C10: N/A | D10: N/A | E10: N/A
A11: Arizona | B11: 1871923 | C11: 415803 | D11: 107641 | E11: 308162
A12: Arkansas | B12: 922157 | C12: 292573 | D12: 292299 | E12: 274
A13: California | B13: 12966593 | C13: 3787079 | D13: 3787079 | E13: 0
A14: Colorado | B14: 1294260 | C14: 415324 | D14: 413149 | E14: 2175
A15: Connecticut | B15: 927932 | C15: 246769 | D15: 225756 | E15: 21013
A16: Delaware | B16: 210486 | C16: 62756 | D16: 10293 | E16: 52463
A17: Dist. Of Col. | B17: 261661 | C17: 110826 | D17: 70172 | E17: 40654
A18: Florida | B18: 3917285 | C18: N/A | D18: N/A | E18: N/A
A19: Georgia | B19: 1963489 | C19: N/A | D19: N/A | E19: N/A
A20: Guam | B20: 35203 | C20: 3869 | D20: N/A | E20: 3869
A21: Hawaii | B21: 331796 | C21: 121219 | D21: 22886 | E21: 98333
A22: Idaho | B22: 299518 | C22: N/A | D22: N/A | E22: N/A
A23: Illinois | B23: 2867512 | C23: 731008 | D23: 624350 | E23: 106658
A24: Indiana | B24: 1327002 | C24: 310196 | D24: 310196 | E24: 0
A25: Iowa | B25: 600397 | C25: 161393 | D25: 148219 | E25: 13174
A26: Kansas | B26: 370031 | C26: N/A | D26: N/A | E26: N/A
A27: Kentucky | B27: 1357355 | C27: 492751 | D27: 492751 | E27: 0
A28: Louisiana | B28: 1645807 | C28: 478722 | D28: 478722 | E28: 0
A29: Maine | B29: 257452 | C29: 0 | D29: 0 | E29: 0
A30: Maryland | B30: 1237993 | C30: 313593 | D30: 313593 | E30: 0
A31: Massachusetts | B31: 2007685 | C31: 432659 | D31: 0 | E31: 432659
A32: Michigan | B32: 2450490 | C32: 699032 | D32: 638686 | E32: 60346
A33: Minnesota | B33: 1078140 | C33: 202237 | D33: 201547 | E33: 690
A34: Mississippi | B34: 692063 | C34: N/A | D34: N/A | E34: N/A
A35: Missouri | B35: 958954 | C35: N/A | D35: N/A | E35: N/A
A36: Montana | B36: 256778 | C36: 96040 | D36: 96040 | E36: 0
A37: N. Mariana Islands | B37: 1473 | C37: N/A | D37: N/A | E37: N/A
A38: Nebraska | B38: 247459 | C38: N/A | D38: N/A | E38: N/A
A39: Nevada | B39: 598902 | C39: 214266 | D39: 214266 | E39: 0
A40: New Hampshire | B40: 189766 | C40: 55736 | D40: 55450 | E40: 286
A41: New Jersey | B41: 1690042 | C41: 567189 | D41: 567189 | E41: 0
A42: New Mexico | B42: 855320 | C42: 256228 | D42: 256228 | E42: 0
A43: New York | B43: 6167453 | C43: 1936529 | D43: 303337 | E43: 1633192
A44: North Carolina | B44: 2167786 | C44: N/A | D44: N/A | E44: N/A
A45: North Dakota | B45: 93285 | C45: 20666 | D45: 19610 | E45: 1056
A46: Ohio | B46: 3000873 | C46: 630618 | D46: 630276 | E46: 342
A47: Oklahoma | B47: 645541 | C47: N/A | D47: N/A | E47: N/A
A48: Oregon | B48: 953677 | C48: 451266 | D48: 380076 | E48: 71190
A49: Pennsylvania | B49: 2741703 | C49: 796559 | D49: 755486 | E49: 41073
A50: Puerto Rico | B50: 1265467 | C50: 395156 | D50: N/A | E50: 395156
A51: Rhode Island | B51: 308248 | C51: 69290 | D51: 69290 | E51: 0
A52: South Carolina | B52: 1259686 | C52: N/A | D52: N/A | E52: N/A
A53: South Dakota | B53: 105968 | C53: N/A | D53: N/A | E53: N/A
A54: Tennessee | B54: 1604631 | C54: N/A | D54: N/A | E54: N/A
A55: Texas | B55: 4285311 | C55: N/A | D55: N/A | E55: N/A
A56: Utah | B56: 299796 | C56: N/A | D56: N/A | E56: N/A
A57: Vermont | B57: 178890 | C57: 58948 | D57: 0 | E57: 58948
A58: Virgin Islands | B58: 24528 | C58: 9958 | D58: N/A | E58: 9958
A59: Virginia | B59: 1053905 | C59: N/A | D59: N/A | E59: N/A
A60: Washington | B60: 1783138 | C60: 579950 | D60: 566816 | E60: 13134
A61: West Virginia | B61: 540782 | C61: 168038 | D61: 168038 | E61: 0
A62: Wisconsin | B62: 1191001 | C62: N/A | D62: N/A | E62: N/A
A63: Wyoming | B63: 59067 | C63: N/A | D63: N/A | E63: N/A
A64: Totals | B64: =SUM(B8:B63) -> 76672124 | C64: =SUM(C8:C63) -> 15628063 | D64: =SUM(D8:D63) -> 12263229 | E64: =SUM(E8:E63) -> 3364834
A66: * Awaiting state reporting/enrollment reasonableness review in progress
A68: Notes:
A69: 1. “VIII GROUP” is also known as the “New Adult Group.”
A70: 2. The VIII Group is only applicable for states that have expanded their Medicaid programs by adopting the VIII Group. VIII Group enrollment information
A71: for the states that have not expanded their Medicaid program is noted as “N/A.”
A72: 3. Michigan expanded its Medicaid program by adopting the VIII Group on April 1, 2014.
A73: 4. New Hampshire expanded its Medicaid program by adopting the VIII Group on August 15, 2014
A74: 5. Pennsylvania expanded its Medicaid program by adopting the VIII Group on January 1, 2015.
A75: 6. Indiana expanded its Medicaid program by adopting the VIII Group on February 1, 2015
A76: 7. Virgin Island expanded its Medicaid program by adopting the VIII Group on June 1, 2015
A77: 8. Alaska expanded its Medicaid program by adopting the VIII Group on September 1, 2015.
A78: 9. Montana expanded its Medicaid program by adopting the VIII Group on January 1, 2016.
... A81: 12. Virginia expanded its Medicaid program by adopting the VIII Group on January 1, 2019.

Sheet April-2018
A1: Total Medicaid Enrollees - VIII Group Break Out Report
A2: April-2018
C3: Updated August 2019
A4: Reported on the CMS-64
A7: State | B7: Total Medicaid Enrollees | C7: Total VIII Group Enrollees | D7: Total VIII Group Newly Eligible Enrollees | E7: Total VIII Group Not Newly Eligible Enrollees
A8: Alabama | B8: 1024662 | C8: N/A | D8: N/A | E8: N/A
A9: Alaska | B9: 198425 | C9: 44328 | D9: 44304 | E9: 24
A10: Amer. Samoa | B10: 27898 | C10: N/A | D10: N/A | E10: N/A
A11: Arizona | B11: 1870574 | C11: 414373 | D11: 106605 | E11: 307768
A12: Arkansas | B12: 925643 | C12: 292602 | D12: 292349 | E12: 253
A13: California | B13: 13081202 | C13: 3823273 | D13: 3823273 | E13: 0
A14: Colorado | B14: 1282265 | C14: 411009 | D14: 404471 | E14: 6538
A15: Connecticut | B15: 927503 | C15: 246015 | D15: 224785 | E15: 21230
A16: Delaware | B16: 209887 | C16: 62284 | D16: 10034 | E16: 52250
A17: Dist. Of Col. | B17: 260704 | C17: 110199 | D17: 69662 | E17: 40537
A18: Florida | B18: 3931883 | C18: N/A | D18: N/A | E18: N/A
A19: Georgia | B19: 1956021 | C19: N/A | D19: N/A | E19: N/A
A20: Guam | B20: 36260 | C20: 3995 | D20: N/A | E20: 3995
A21: Hawaii | B21: 330439 | C21: 120403 | D21: 22744 | E21: 97659
A22: Idaho | B22: 293894 | C22: N/A | D22: N/A | E22: N/A
A23: Illinois | B23: 2837020 | C23: 720375 | D23: 613844 | E23: 106531
A24: Indiana | B24: 1350223 | C24: 314421 | D24: 314421 | E24: 0
A25: Iowa | B25: 603888 | C25: 163590 | D25: 150142 | E25: 13448
A26: Kansas | B26: 373438 | C26: N/A | D26: N/A | E26: N/A
A27: Kentucky | B27: 1336657 | C27: 473576 | D27: 473576 | E27: 0
A28: Louisiana | B28: 1650457 | C28: 483884 | D28: 483884 | E28: 0
A29: Maine | B29: 256843 | C29: 0 | D29: 0 | E29: 0
A30: Maryland | B30: 1235103 | C30: 312481 | D30: 312481 | E30: 0
A31: Massachusetts | B31: 1834489 | C31: 385266 | D31: 0 | E31: 385266
A32: Michigan | B32: 2444734 | C32: 697940 | D32: 638327 | E32: 59613
A33: Minnesota | B33: 1107289 | C33: 207469 | D33: 206853 | E33: 616
A34: Mississippi | B34: 690180 | C34: N/A | D34: N/A | E34: N/A
A35: Missouri | B35: 961840 | C35: N/A | D35: N/A | E35: N/A
A36: Montana | B36: 260387 | C36: 97926 | D36: 97926 | E36: 0
A37: N. Mariana Islands | B37: 1212 | C37: N/A | D37: N/A | E37: N/A
A38: Nebraska | B38: 247880 | C38: N/A | D38: N/A | E38: N/A
A39: Nevada | B39: 600661 | C39: 214869 | D39: 214869 | E39: 0
A40: New Hampshire | B40: 189480 | C40: 55881 | D40: 55590 | E40: 291
A41: New Jersey | B41: 1693994 | C41: 567110 | D41: 567110 | E41: 0
A42: New Mexico | B42: 856413 | C42: 257678 | D42: 257678 | E42: 0
A43: New York | B43: 6163144 | C43: 1936166 | D43: 302965 | E43: 1633201
A44: North Carolina | B44: 2167495 | C44: N/A | D44: N/A | E44: N/A
A45: North Dakota | B45: 93586 | C45: 20724 | D45: 19677 | E45: 1047
A46: Ohio | B46: 2984748 | C46: 622867 | D46: 622528 | E46: 339
A47: Oklahoma | B47: 651361 | C47: N/A | D47: N/A | E47: N/A
A48: Oregon | B48: 965406 | C48: 459175 | D48: 386416 | E48: 72759
A49: Pennsylvania | B49: 2719810 | C49: 791066 | D49: 750073 | E49: 40993
A50: Puerto Rico | B50: 1266994 | C50: 404657 | D50: N/A | E50: 404657
A51: Rhode Island | B51: 309316 | C51: 69840 | D51: 69840 | E51: 0
A52: South Carolina | B52: 1259263 | C52: N/A | D52: N/A | E52: N/A
A53: South Dakota | B53: 105769 | C53: N/A | D53: N/A | E53: N/A
A54: Tennessee | B54: 1601537 | C54: N/A | D54: N/A | E54: N/A
A55: Texas | B55: 4274020 | C55: N/A | D55: N/A | E55: N/A
A56: Utah | B56: 298184 | C56: N/A | D56: N/A | E56: N/A
A57: Vermont | B57: 179154 | C57: 59183 | D57: 0 | E57: 59183
A58: Virgin Islands | B58: 24946 | C58: 10265 | D58: N/A | E58: 10265
A59: Virginia | B59: 1059761 | C59: N/A | D59: N/A | E59: N/A
A60: Washington | B60: 1783252 | C60: 575689 | D60: 562028 | E60: 13661
A61: West Virginia | B61: 540088 | C61: 167353 | D61: 167353 | E61: 0
A62: Wisconsin | B62: 1191620 | C62: N/A | D62: N/A | E62: N/A
A63: Wyoming | B63: 59007 | C63: N/A | D63: N/A | E63: N/A
A64: Totals | B64: =SUM(B8:B63) -> 76587909 | C64: =SUM(C8:C63) -> 15597932 | D64: =SUM(D8:D63) -> 12265808 | E64: =SUM(E8:E63) -> 3332124
A66: * Awaiting state reporting/enrollment reasonableness review in progress
A68: Notes:
A69: 1. “VIII GROUP” is also known as the “New Adult Group.”
A70: 2. The VIII Group is only applicable for states that have expanded their Medicaid programs by adopting the VIII Group. VIII Group enrollment information
A71: for the states that have not expanded their Medicaid program is noted as “N/A.”
A72: 3. Michigan expanded its Medicaid program by adopting the VIII Group on April 1, 2014.
A73: 4. New Hampshire expanded its Medicaid program by adopting the VIII Group on August 15, 2014
A74: 5. Pennsylvania expanded its Medicaid program by adopting the VIII Group on January 1, 2015.
A75: 6. Indiana expanded its Medicaid program by adopting the VIII Group on February 1, 2015
A76: 7. Virgin Island expanded its Medicaid program by adopting the VIII Group on June 1, 2015
A77: 8. Alaska expanded its Medicaid program by adopting the VIII Group on September 1, 2015.
A78: 9. Montana expanded its Medicaid program by adopting the VIII Group on January 1, 2016.
... A81: 12. Virginia expanded its Medicaid program by adopting the VIII Group on January 1, 2019.

Sheet May-2018
A1: Total Medicaid Enrollees - VIII Group Break Out Report
A2: May-2018
C3: Updated August 2019
A4: Reported on the CMS-64
A7: State | B7: Total Medicaid Enrollees | C7: Total VIII Group Enrollees | D7: Total VIII Group Newly Eligible Enrollees | E7: Total VIII Group Not Newly Eligible Enrollees
A8: Alabama | B8: 1020672 | C8: N/A | D8: N/A | E8: N/A
A9: Alaska | B9: 198535 | C9: 44653 | D9: 44628 | E9: 25
A10: Amer. Samoa | B10: 27898 | C10: N/A | D10: N/A | E10: N/A
A11: Arizona | B11: 1868275 | C11: 413377 | D11: 105782 | E11: 307595
A12: Arkansas | B12: 920752 | C12: 288909 | D12: 288507 | E12: 402
A13: California | B13: 13008201 | C13: 3801552 | D13: 3801552 | E13: 0
A14: Colorado | B14: 1281495 | C14: 411448 | D14: 404895 | E14: 6553
A15: Connecticut | B15: 922726 | C15: 246442 | D15: 225215 | E15: 21227
A16: Delaware | B16: 209914 | C16: 62228 | D16: 9993 | E16: 52235
A17: Dist. Of Col. | B17: 260422 | C17: 109689 | D17: 69206 | E17: 40483
A18: Florida | B18: 3882589 | C18: N/A | D18: N/A | E18: N/A
A19: Georgia | B19: 1956791 | C19: N/A | D19: N/A | E19: N/A
A20: Guam | B20: 36209 | C20: 4038 | D20: N/A | E20: 4038
A21: Hawaii | B21: 327989 | C21: 119145 | D21: 22305 | E21: 96840
A22: Idaho | B22: 295367 | C22: N/A | D22: N/A | E22: N/A
A23: Illinois | B23: 2850842 | C23: 725225 | D23: 618109 | E23: 107116
A24: Indiana | B24: 1333123 | C24: 310612 | D24: 310612 | E24: 0
A25: Iowa | B25: 603493 | C25: 164495 | D25: 150962 | E25: 13533
A26: Kansas | B26: 364986 | C26: N/A | D26: N/A | E26: N/A
A27: Kentucky | B27: 1333466 | C27: 470924 | D27: 470924 | E27: 0
A28: Louisiana | B28: 1647111 | C28: 485112 | D28: 485112 | E28: 0
A29: Maine | B29: 256936 | C29: 0 | D29: 0 | E29: 0
A30: Maryland | B30: 1229917 | C30: 311423 | D30: 311423 | E30: 0
A31: Massachusetts | B31: 1848444 | C31: 391857 | D31: 0 | E31: 391857
A32: Michigan | B32: 2437948 | C32: 693448 | D32: 635722 | E32: 57726
A33: Minnesota | B33: 1098818 | C33: 204765 | D33: 204047 | E33: 718
A34: Mississippi | B34: 687906 | C34: N/A | D34: N/A | E34: N/A
A35: Missouri | B35: 964163 | C35: N/A | D35: N/A | E35: N/A
A36: Montana | B36: 260270 | C36: 98314 | D36: 98314 | E36: 0
A37: N. Mariana Islands | B37: 1400 | C37: N/A | D37: N/A | E37: N/A
A38: Nebraska | B38: 247273 | C38: N/A | D38: N/A | E38: N/A
A39: Nevada | B39: 601011 | C39: 215101 | D39: 215101 | E39: 0
A40: New Hampshire | B40: 188917 | C40: 55651 | D40: 55368 | E40: 283
A41: New Jersey | B41: 1692408 | C41: 566732 | D41: 566732 | E41: 0
A42: New Mexico | B42: 849268 | C42: 255142 | D42: 255142 | E42: 0
A43: New York | B43: 6162629 | C43: 1933789 | D43: 302217 | E43: 1631572
A44: North Carolina | B44: 2166076 | C44: N/A | D44: N/A | E44: N/A
A45: North Dakota | B45: 94940 | C45: 21074 | D45: 20029 | E45: 1045
A46: Ohio | B46: 2968662 | C46: 613597 | D46: 613255 | E46: 342
A47: Oklahoma | B47: 653045 | C47: N/A | D47: N/A | E47: N/A
A48: Oregon | B48: 959170 | C48: 455830 | D48: 382941 | E48: 72889
A49: Pennsylvania | B49: 2747147 | C49: 798037 | D49: 756784 | E49: 41253
A50: Puerto Rico | B50: 1274306 | C50: 409807 | D50: N/A | E50: 409807
A51: Rhode Island | B51: 309440 | C51: 69553 | D51: 69553 | E51: 0
A52: South Carolina | B52: 1254084 | C52: N/A | D52: N/A | E52: N/A
A53: South Dakota | B53: 105999 | C53: N/A | D53: N/A | E53: N/A
A54: Tennessee | B54: 1581281 | C54: N/A | D54: N/A | E54: N/A
A55: Texas | B55: 4263212 | C55: N/A | D55: N/A | E55: N/A
A56: Utah | B56: 296743 | C56: N/A | D56: N/A | E56: N/A
A57: Vermont | B57: 177694 | C57: 58404 | D57: 0 | E57: 58404
A58: Virgin Islands | B58: 25065 | C58: 10660 | D58: N/A | E58: 10660
A59: Virginia | B59: 1065420 | C59: N/A | D59: N/A | E59: N/A
A60: Washington | B60: 1781994 | C60: 575018 | D60: 561088 | E60: 13930
A61: West Virginia | B61: 539313 | C61: 167081 | D61: 167081 | E61: 0
A62: Wisconsin | B62: 1188074 | C62: N/A | D62: N/A | E62: N/A
A63: Wyoming | B63: 58687 | C63: N/A | D63: N/A | E63: N/A
A64: Totals | B64: =SUM(B8:B63) -> 76388516 | C64: =SUM(C8:C63) -> 15563132 | D64: =SUM(D8:D63) -> 12222599 | E64: =SUM(E8:E63) -> 3340533
A66: * Awaiting state reporting/enrollment reasonableness review in progress
A68: Notes:
A69: 1. “VIII GROUP” is also known as the “New Adult Group.”
A70: 2. The VIII Group is only applicable for states that have expanded their Medicaid programs by adopting the VIII Group. VIII Group enrollment information
A71: for the states that have not expanded their Medicaid program is noted as “N/A.”
A72: 3. Michigan expanded its Medicaid program by adopting the VIII Group on April 1, 2014.
A73: 4. New Hampshire expanded its Medicaid program by adopting the VIII Group on August 15, 2014
A74: 5. Pennsylvania expanded its Medicaid program by adopting the VIII Group on January 1, 2015.
A75: 6. Indiana expanded its Medicaid program by adopting the VIII Group on February 1, 2015
A76: 7. Virgin Island expanded its Medicaid program by adopting the VIII Group on June 1, 2015
A77: 8. Alaska expanded its Medicaid program by adopting the VIII Group on September 1, 2015.
A78: 9. Montana expanded its Medicaid program by adopting the VIII Group on January 1, 2016.
... A81: 12. Virginia expanded its Medicaid program by adopting the VIII Group on January 1, 2019.

Sheet June-2018
A1: Total Medicaid Enrollees - VIII Group Break Out Report
A2: June-2018
C3: Updated August 2019
A4: Reported on the CMS-64
A7: State | B7: Total Medicaid Enrollees | C7: Total VIII Group Enrollees | D7: Total VIII Group Newly Eligible Enrollees | E7: Total VIII Group Not Newly Eligible Enrollees
A8: Alabama | B8: 1021657 | C8: N/A | D8: N/A | E8: N/A
A9: Alaska | B9: 198729 | C9: 44930 | D9: 44905 | E9: 25
A10: Amer. Samoa | B10: 27898 | C10: N/A | D10: N/A | E10: N/A
A11: Arizona | B11: 1864623 | C11: 412927 | D11: 105049 | E11: 307878
A12: Arkansas | B12: 917921 | C12: 284342 | D12: 283961 | E12: 381
A13: California | B13: 12874106 | C13: 3763860 | D13: 3763860 | E13: 0
A14: Colorado | B14: 1296301 | C14: 409143 | D14: 402412 | E14: 6731
A15: Connecticut | B15: 927265 | C15: 248443 | D15: 226951 | E15: 21492
A16: Delaware | B16: 209755 | C16: 62188 | D16: 9926 | E16: 52262
A17: Dist. Of Col. | B17: 259746 | C17: 108718 | D17: 68205 | E17: 40513
A18: Florida | B18: 3852558 | C18: N/A | D18: N/A | E18: N/A
A19: Georgia | B19: 1957737 | C19: N/A | D19: N/A | E19: N/A
A20: Guam | B20: 35905 | C20: 4032 | D20: N/A | E20: 4032
A21: Hawaii | B21: 324002 | C21: 117546 | D21: 21859 | E21: 95687
A22: Idaho | B22: 296090 | C22: N/A | D22: N/A | E22: N/A
A23: Illinois | B23: 2827783 | C23: 717537 | D23: 610604 | E23: 106933
A24: Indiana | B24: 1310854 | C24: 305782 | D24: 305782 | E24: 0
A25: Iowa | B25: 602532 | C25: 165509 | D25: 151969 | E25: 13540
A26: Kansas | B26: 363414 | C26: N/A | D26: N/A | E26: N/A
A27: Kentucky | B27: 1328039 | C27: 467275 | D27: 467275 | E27: 0
A28: Louisiana | B28: 1638252 | C28: 482248 | D28: 482248 | E28: 0
A29: Maine | B29: 255517 | C29: 0 | D29: 0 | E29: 0
A30: Maryland | B30: 1218122 | C30: 307690 | D30: 307690 | E30: 0
A31: Massachusetts | B31: 1807979 | C31: 373499 | D31: 0 | E31: 373499
A32: Michigan | B32: 2437622 | C32: 688853 | D32: 634323 | E32: 54530
A33: Minnesota | B33: 1084832 | C33: 201427 | D33: 200712 | E33: 715
A34: Mississippi | B34: 683577 | C34: N/A | D34: N/A | E34: N/A
A35: Missouri | B35: 961679 | C35: N/A | D35: N/A | E35: N/A
A36: Montana | B36: 258600 | C36: 97834 | D36: 97834 | E36: 0
A37: N. Mariana Islands | B37: 1416 | C37: N/A | D37: N/A | E37: N/A
A38: Nebraska | B38: 245882 | C38: N/A | D38: N/A | E38: N/A
A39: Nevada | B39: 600837 | C39: 214489 | D39: 214489 | E39: 0
A40: New Hampshire | B40: 187628 | C40: 55188 | D40: 54907 | E40: 281
A41: New Jersey | B41: 1687716 | C41: 566209 | D41: 566209 | E41: 0
A42: New Mexico | B42: 838445 | C42: 251909 | D42: 251909 | E42: 0
A43: New York | B43: 6156398 | C43: 1927826 | D43: 301605 | E43: 1626221
A44: North Carolina | B44: 2159762 | C44: N/A | D44: N/A | E44: N/A
A45: North Dakota | B45: 93042 | C45: 20443 | D45: 19426 | E45: 1017
A46: Ohio | B46: 2934726 | C46: 603026 | D46: 602698 | E46: 328
A47: Oklahoma | B47: 647012 | C47: N/A | D47: N/A | E47: N/A
A48: Oregon | B48: 948521 | C48: 450819 | D48: 378024 | E48: 72795
A49: Pennsylvania | B49: 2731187 | C49: 791111 | D49: 750362 | E49: 40749
A50: Puerto Rico | B50: 1284209 | C50: 419875 | D50: N/A | E50: 419875
A51: Rhode Island | B51: 308690 | C51: 68817 | D51: 68817 | E51: 0
A52: South Carolina | B52: 1234824 | C52: N/A | D52: N/A | E52: N/A
A53: South Dakota | B53: 105484 | C53: N/A | D53: N/A | E53: N/A
A54: Tennessee | B54: 1578332 | C54: N/A | D54: N/A | E54: N/A
A55: Texas | B55: 4251735 | C55: N/A | D55: N/A | E55: N/A
A56: Utah | B56: 294788 | C56: N/A | D56: N/A | E56: N/A
A57: Vermont | B57: 175896 | C57: 57625 | D57: 0 | E57: 57625
A58: Virgin Islands | B58: 24781 | C58: 10688 | D58: N/A | E58: 10688
A59: Virginia | B59: 1069506 | C59: N/A | D59: N/A | E59: N/A
A60: Washington | B60: 1775614 | C60: 570882 | D60: 557025 | E60: 13857
A61: West Virginia | B61: 536762 | C61: 165893 | D61: 165893 | E61: 0
A62: Wisconsin | B62: 1184947 | C62: N/A | D62: N/A | E62: N/A
A63: Wyoming | B63: 58109 | C63: N/A | D63: N/A | E63: N/A
A64: Totals | B64: =SUM(B8:B63) -> 75959344 | C64: =SUM(C8:C63) -> 15438583 | D64: =SUM(D8:D63) -> 12116929 | E64: =SUM(E8:E63) -> 3321654
A66: * Awaiting state reporting/enrollment reasonableness review in progress
A68: Notes:
A69: 1. “VIII GROUP” is also known as the “New Adult Group.”
A70: 2. The VIII Group is only applicable for states that have expanded their Medicaid programs by adopting the VIII Group. VIII Group enrollment information
A71: for the states that have not expanded their Medicaid program is noted as “N/A.”
A72: 3. Michigan expanded its Medicaid program by adopting the VIII Group on April 1, 2014.
A73: 4. New Hampshire expanded its Medicaid program by adopting the VIII Group on August 15, 2014
A74: 5. Pennsylvania expanded its Medicaid program by adopting the VIII Group on January 1, 2015.
A75: 6. Indiana expanded its Medicaid program by adopting the VIII Group on February 1, 2015
A76: 7. Virgin Island expanded its Medicaid program by adopting the VIII Group on June 1, 2015
A77: 8. Alaska expanded its Medicaid program by adopting the VIII Group on September 1, 2015.
A78: 9. Montana expanded its Medicaid program by adopting the VIII Group on January 1, 2016.
... A81: 12. Virginia expanded its Medicaid program by adopting the VIII Group on January 1, 2019.

Sheet July-2018
A1: Total Medicaid Enrollees - VIII Group Break Out Report
A2: July-2018
A3: Updated February 2020
A4: Reported on the CMS-64
A7: State | B7: Total Medicaid Enrollees | C7: Total VIII Group Enrollees | D7: Total VIII Group Newly Eligible Enrollees | E7: Total VIII Group Not Newly Eligible Enrollees
A8: Alabama | B8: 1019417 | C8: N/A | D8: N/A | E8: N/A
A9: Alaska | B9: 205437 | C9: 47522 | D9: 47520 | E9: 2
A10: Amer. Samoa * | B10: 27898 | C10: N/A | D10: N/A | E10: N/A
A11: Arizona | B11: 1870925 | C11: 413637 | D11: 105382 | E11: 308255
A12: Arkansas | B12: 915127 | C12: 280923 | D12: 280441 | E12: 482
A13: California | B13: 12953106 | C13: 3787702 | D13: 3787702 | E13: 0
A14: Colorado | B14: 1295757 | C14: 405756 | D14: 398806 | E14: 6950
A15: Connecticut | B15: 928800 | C15: 250696 | D15: 229072 | E15: 21624
A16: Delaware | B16: 210857 | C16: 62684 | D16: 10040 | E16: 52644
A17: Dist. Of Col. | B17: 261071 | C17: 110308 | D17: 68937 | E17: 41371
A18: Florida | B18: 3886256 | C18: N/A | D18: N/A | E18: N/A
A19: Georgia | B19: 1984150 | C19: N/A | D19: N/A | E19: N/A
A20: Guam | B20: 36382 | C20: 4041 | D20: N/A | E20: 4041
A21: Hawaii | B21: 322003 | C21: 116486 | D21: 21627 | E21: 94859
A22: Idaho | B22: 299571 | C22: N/A | D22: N/A | E22: N/A
A23: Illinois | B23: 2835995 | C23: 724881 | D23: 617626 | E23: 107255
A24: Indiana | B24: 1332154 | C24: 304739 | D24: 304739 | E24: 0
A25: Iowa | B25: 603783 | C25: 166288 | D25: 152389 | E25: 13899
A26: Kansas | B26: 375489 | C26: N/A | D26: N/A | E26: N/A
A27: Kentucky | B27: 1324040 | C27: 464074 | D27: 464074 | E27: 0
A28: Louisiana | B28: 1644548 | C28: 484602 | D28: 484602 | E28: 0
A29: Maine | B29: 253059 | C29: 0 | D29: 0 | E29: 0
A30: Maryland | B30: 1213505 | C30: 306497 | D30: 306497 | E30: 0
A31: Massachusetts | B31: 1798421 | C31: 354871 | D31: 0 | E31: 354871
A32: Michigan | B32: 2434780 | C32: 686125 | D32: 626607 | E32: 59518
A33: Minnesota | B33: 1107314 | C33: 205850 | D33: 205091 | E33: 759
A34: Mississippi | B34: 678980 | C34: N/A | D34: N/A | E34: N/A
A35: Missouri | B35: 941393 | C35: N/A | D35: N/A | E35: N/A
A36: Montana | B36: 260463 | C36: 98630 | D36: 98630 | E36: 0
A37: N. Mariana Islands | B37: 17402 | C37: N/A | D37: N/A | E37: N/A
A38: Nebraska | B38: 245360 | C38: N/A | D38: N/A | E38: N/A
A39: Nevada | B39: 601200 | C39: 214714 | D39: 214714 | E39: 0
A40: New Hampshire | B40: 187403 | C40: 55149 | D40: 54872 | E40: 277
A41: New Jersey | B41: 1690311 | C41: 564120 | D41: 564120 | E41: 0
A42: New Mexico | B42: 838548 | C42: 251347 | D42: 251347 | E42: 0
A43: New York | B43: 6158161 | C43: 1925093 | D43: 301455 | E43: 1623638
A44: North Carolina | B44: 2179965 | C44: N/A | D44: N/A | E44: N/A
A45: North Dakota | B45: 92213 | C45: 20185 | D45: 19193 | E45: 992
A46: Ohio | B46: 2936429 | C46: 601592 | D46: 601305 | E46: 287
A47: Oklahoma | B47: 653774 | C47: N/A | D47: N/A | E47: N/A
A48: Oregon | B48: 960626 | C48: 458091 | D48: 383777 | E48: 74314
A49: Pennsylvania | B49: 2889531 | C49: 787158 | D49: 747021 | E49: 40137
A50: Puerto Rico | B50: 1273976 | C50: 421577 | D50: N/A | E50: 421577
A51: Rhode Island | B51: 308738 | C51: 68848 | D51: 68848 | E51: 0
A52: South Carolina | B52: 1256277 | C52: N/A | D52: N/A | E52: N/A
A53: South Dakota | B53: 105275 | C53: N/A | D53: N/A | E53: N/A
A54: Tennessee | B54: 1560057 | C54: N/A | D54: N/A | E54: N/A
A55: Texas | B55: 4258552 | C55: N/A | D55: N/A | E55: N/A
A56: Utah | B56: 293397 | C56: N/A | D56: N/A | E56: N/A
A57: Vermont | B57: 175819 | C57: 57944 | D57: 0 | E57: 57944
A58: Virgin Islands | B58: 25097 | C58: 10924 | D58: N/A | E58: 10924
A59: Virginia | B59: 1070855 | C59: 0 | D59: 0 | E59: 0
A60: Washington | B60: 1773278 | C60: 569954 | D60: 555955 | E60: 13999
A61: West Virginia | B61: 536370 | C61: 165238 | D61: 165238 | E61: 0
A62: Wisconsin | B62: 1186931 | C62: N/A | D62: N/A | E62: N/A
A63: Wyoming | B63: 57649 | C63: N/A | D63: N/A | E63: N/A
A64: Totals | B64: =SUM(B8:B63) -> 76353875 | C64: =SUM(C8:C63) -> 15448246 | D64: =SUM(D8:D63) -> 12137627 | E64: =SUM(E8:E63) -> 3310619
A66: * Awaiting state reporting/enrollment reasonableness review in progress
A68: Notes:
A69: 1. “VIII GROUP” is also known as the “New Adult Group.”
A70: 2. The VIII Group is only applicable for states that have expanded their Medicaid programs by adopting the VIII Group. VIII Group enrollment information
A71: for the states that have not expanded their Medicaid program is noted as “N/A.”
A72: 3. Michigan expanded its Medicaid program by adopting the VIII Group on April 1, 2014.
A73: 4. New Hampshire expanded its Medicaid program by adopting the VIII Group on August 15, 2014
A74: 5. Pennsylvania expanded its Medicaid program by adopting the VIII Group on January 1, 2015.
A75: 6. Indiana expanded its Medicaid program by adopting the VIII Group on February 1, 2015
A76: 7. Virgin Island expanded its Medicaid program by adopting the VIII Group on June 1, 2015
A77: 8. Alaska expanded its Medicaid program by adopting the VIII Group on September 1, 2015.
A78: 9. Montana expanded its Medicaid program by adopting the VIII Group on January 1, 2016.
... A81: 12. Virginia expanded its Medicaid program by adopting the VIII Group on January 1, 2019.

Sheet August-2018
A1: Total Medicaid Enrollees - VIII Group Break Out Report
A2: August-2018
A3: Updated February 2020
A4: Reported on the CMS-64
A7: State | B7: Total Medicaid Enrollees | C7: Total VIII Group Enrollees | D7: Total VIII Group Newly Eligible Enrollees | E7: Total VIII Group Not Newly Eligible Enrollees
A8: Alabama | B8: 1021951 | C8: N/A | D8: N/A | E8: N/A
A9: Alaska | B9: 206259 | C9: 47883 | D9: 47882 | E9: 1
A10: Amer. Samoa * | B10: 27898 | C10: N/A | D10: N/A | E10: N/A
A11: Arizona | B11: 1873080 | C11: 414203 | D11: 106007 | E11: 308196
A12: Arkansas | B12: 914767 | C12: 275602 | D12: 274810 | E12: 792
A13: California | B13: 12895963 | C13: 3773620 | D13: 3773620 | E13: 0
A14: Colorado | B14: 1298991 | C14: 410093 | D14: 403062 | E14: 7031
A15: Connecticut | B15: 941173 | C15: 254526 | D15: 232838 | E15: 21688
A16: Delaware | B16: 211280 | C16: 62798 | D16: 10046 | E16: 52752
A17: Dist. Of Col. | B17: 260790 | C17: 109859 | D17: 68512 | E17: 41347
A18: Florida | B18: 3850158 | C18: N/A | D18: N/A | E18: N/A
A19: Georgia | B19: 1941288 | C19: N/A | D19: N/A | E19: N/A
A20: Guam | B20: 36322 | C20: 4039 | D20: N/A | E20: 4039
A21: Hawaii | B21: 320843 | C21: 115454 | D21: 21523 | E21: 93931
A22: Idaho | B22: 301537 | C22: N/A | D22: N/A | E22: N/A
A23: Illinois | B23: 2819278 | C23: 718945 | D23: 611650 | E23: 107295
A24: Indiana | B24: 1320972 | C24: 302840 | D24: 302840 | E24: 0
A25: Iowa | B25: 603495 | C25: 167205 | D25: 153121 | E25: 14084
A26: Kansas | B26: 375289 | C26: N/A | D26: N/A | E26: N/A
A27: Kentucky | B27: 1320886 | C27: 460997 | D27: 460997 | E27: 0
A28: Louisiana | B28: 1646050 | C28: 486291 | D28: 486291 | E28: 0
A29: Maine | B29: 253084 | C29: 0 | D29: 0 | E29: 0
A30: Maryland | B30: 1218003 | C30: 308613 | D30: 308613 | E30: 0
A31: Massachusetts | B31: 1758706 | C31: 348278 | D31: 0 | E31: 348278
A32: Michigan | B32: 2435746 | C32: 684662 | D32: 625175 | E32: 59487
A33: Minnesota | B33: 1096403 | C33: 202648 | D33: 201759 | E33: 889
A34: Mississippi | B34: 678243 | C34: N/A | D34: N/A | E34: N/A
A35: Missouri | B35: 943536 | C35: N/A | D35: N/A | E35: N/A
A36: Montana | B36: 258642 | C36: 98389 | D36: 98389 | E36: 0
A37: N. Mariana Islands | B37: 17244 | C37: N/A | D37: N/A | E37: N/A
A38: Nebraska | B38: 246589 | C38: N/A | D38: N/A | E38: N/A
A39: Nevada | B39: 602322 | C39: 214260 | D39: 214260 | E39: 0
A40: New Hampshire | B40: 187247 | C40: 55119 | D40: 54831 | E40: 288
A41: New Jersey | B41: 1685266 | C41: 561470 | D41: 561470 | E41: 0
A42: New Mexico | B42: 835672 | C42: 250673 | D42: 250673 | E42: 0
A43: New York | B43: 6158642 | C43: 1921610 | D43: 300259 | E43: 1621351
A44: North Carolina | B44: 2184416 | C44: N/A | D44: N/A | E44: N/A
A45: North Dakota | B45: 93365 | C45: 20542 | D45: 19521 | E45: 1021
A46: Ohio | B46: 2925809 | C46: 594833 | D46: 594549 | E46: 284
A47: Oklahoma | B47: 655330 | C47: N/A | D47: N/A | E47: N/A
A48: Oregon | B48: 956519 | C48: 456013 | D48: 381146 | E48: 74867
A49: Pennsylvania | B49: 2883428 | C49: 784058 | D49: 744705 | E49: 39353
A50: Puerto Rico | B50: 1250705 | C50: 413233 | D50: N/A | E50: 413233
A51: Rhode Island | B51: 309924 | C51: 69330 | D51: 69330 | E51: 0
A52: South Carolina | B52: 1266260 | C52: N/A | D52: N/A | E52: N/A
A53: South Dakota | B53: 105274 | C53: N/A | D53: N/A | E53: N/A
A54: Tennessee | B54: 1497202 | C54: N/A | D54: N/A | E54: N/A
A55: Texas | B55: 4259080 | C55: N/A | D55: N/A | E55: N/A
A56: Utah | B56: 296817 | C56: N/A | D56: N/A | E56: N/A
A57: Vermont | B57: 175625 | C57: 58129 | D57: 0 | E57: 58129
A58: Virgin Islands | B58: 25324 | C58: 11135 | D58: N/A | E58: 11135
A59: Virginia | B59: 1070456 | C59: 0 | D59: 0 | E59: 0
A60: Washington | B60: 1766725 | C60: 566372 | D60: 552157 | E60: 14215
A61: West Virginia | B61: 536985 | C61: 164961 | D61: 164961 | E61: 0
A62: Wisconsin | B62: 1184828 | C62: N/A | D62: N/A | E62: N/A
A63: Wyoming | B63: 57709 | C63: N/A | D63: N/A | E63: N/A
A64: Totals | B64: =SUM(B8:B63) -> 76065396 | C64: =SUM(C8:C63) -> 15388683 | D64: =SUM(D8:D63) -> 12094997 | E64: =SUM(E8:E63) -> 3293686
A66: * Awaiting state reporting/enrollment reasonableness review in progress
A68: Notes:
A69: 1. “VIII GROUP” is also known as the “New Adult Group.”
A70: 2. The VIII Group is only applicable for states that have expanded their Medicaid programs by adopting the VIII Group. VIII Group enrollment information
A71: for the states that have not expanded their Medicaid program is noted as “N/A.”
A72: 3. Michigan expanded its Medicaid program by adopting the VIII Group on April 1, 2014.
A73: 4. New Hampshire expanded its Medicaid program by adopting the VIII Group on August 15, 2014
A74: 5. Pennsylvania expanded its Medicaid program by adopting the VIII Group on January 1, 2015.
A75: 6. Indiana expanded its Medicaid program by adopting the VIII Group on February 1, 2015
A76: 7. Virgin Island expanded its Medicaid program by adopting the VIII Group on June 1, 2015
A77: 8. Alaska expanded its Medicaid program by adopting the VIII Group on September 1, 2015.
A78: 9. Montana expanded its Medicaid program by adopting the VIII Group on January 1, 2016.
... A81: 12. Virginia expanded its Medicaid program by adopting the VIII Group on January 1, 2019.

Sheet September-2018
A1: Total Medicaid Enrollees - VIII Group Break Out Report
A2: September-2018
A3: Updated February 2020
A4: Reported on the CMS-64
A7: State | B7: Total Medicaid Enrollees | C7: Total VIII Group Enrollees | D7: Total VIII Group Newly Eligible Enrollees | E7: Total VIII Group Not Newly Eligible Enrollees
A8: Alabama | B8: 1025250 | C8: N/A | D8: N/A | E8: N/A
A9: Alaska | B9: 206277 | C9: 48272 | D9: 48270 | E9: 2
A10: Amer. Samoa * | B10: 27898 | C10: N/A | D10: N/A | E10: N/A
A11: Arizona | B11: 1880703 | C11: 417074 | D11: 106282 | E11: 310792
A12: Arkansas | B12: 904820 | C12: 266173 | D12: 265322 | E12: 851
A13: California | B13: 12725382 | C13: 3733737 | D13: 3733737 | E13: 0
A14: Colorado | B14: 1300426 | C14: 411490 | D14: 404538 | E14: 6952
A15: Connecticut | B15: 936487 | C15: 256183 | D15: 233395 | E15: 22788
A16: Delaware | B16: 211235 | C16: 62735 | D16: 9984 | E16: 52751
A17: Dist. Of Col. | B17: 260240 | C17: 109131 | D17: 67651 | E17: 41480
A18: Florida | B18: 3723585 | C18: N/A | D18: N/A | E18: N/A
A19: Georgia | B19: 1932732 | C19: N/A | D19: N/A | E19: N/A
A20: Guam | B20: 36128 | C20: 4034 | D20: N/A | E20: 4034
A21: Hawaii | B21: 318337 | C21: 114226 | D21: 21206 | E21: 93020
A22: Idaho | B22: 301897 | C22: N/A | D22: N/A | E22: N/A
A23: Illinois | B23: 2784328 | C23: 710385 | D23: 603602 | E23: 106783
A24: Indiana | B24: 1298758 | C24: 296719 | D24: 296719 | E24: 0
A25: Iowa | B25: 604187 | C25: 167984 | D25: 153533 | E25: 14451
A26: Kansas | B26: 374444 | C26: N/A | D26: N/A | E26: N/A
A27: Kentucky | B27: 1308238 | C27: 454781 | D27: 454781 | E27: 0
A28: Louisiana | B28: 1641821 | C28: 487635 | D28: 487635 | E28: 0
A29: Maine | B29: 251934 | C29: 0 | D29: 0 | E29: 0
A30: Maryland | B30: 1214405 | C30: 307932 | D30: 307932 | E30: 0
A31: Massachusetts | B31: 1742631 | C31: 346875 | D31: 0 | E31: 346875
A32: Michigan | B32: 2432660 | C32: 684366 | D32: 625401 | E32: 58965
A33: Minnesota | B33: 1077132 | C33: 197968 | D33: 196976 | E33: 992
A34: Mississippi | B34: 675028 | C34: N/A | D34: N/A | E34: N/A
A35: Missouri | B35: 929322 | C35: N/A | D35: N/A | E35: N/A
A36: Montana | B36: 252126 | C36: 96177 | D36: 96177 | E36: 0
A37: N. Mariana Islands | B37: 16417 | C37: N/A | D37: N/A | E37: N/A
A38: Nebraska | B38: 245070 | C38: N/A | D38: N/A | E38: N/A
A39: Nevada | B39: 600762 | C39: 213869 | D39: 213869 | E39: 0
A40: New Hampshire | B40: 186728 | C40: 55024 | D40: 54727 | E40: 297
A41: New Jersey | B41: 1674135 | C41: 555514 | D41: 555514 | E41: 0
A42: New Mexico | B42: 826594 | C42: 248307 | D42: 248307 | E42: 0
A43: New York | B43: 6150250 | C43: 1915271 | D43: 299091 | E43: 1616180
A44: North Carolina | B44: 2178497 | C44: N/A | D44: N/A | E44: N/A
A45: North Dakota | B45: 91096 | C45: 19872 | D45: 18885 | E45: 987
A46: Ohio | B46: 2919452 | C46: 590989 | D46: 590699 | E46: 290
A47: Oklahoma | B47: 646589 | C47: N/A | D47: N/A | E47: N/A
A48: Oregon | B48: 947809 | C48: 451491 | D48: 375958 | E48: 75533
A49: Pennsylvania | B49: 2855345 | C49: 770564 | D49: 731789 | E49: 38775
A50: Puerto Rico | B50: 1241794 | C50: 411936 | D50: N/A | E50: 411936
A51: Rhode Island | B51: 308518 | C51: 68646 | D51: 68646 | E51: 0
A52: South Carolina | B52: 1262242 | C52: N/A | D52: N/A | E52: N/A
A53: South Dakota | B53: 104669 | C53: N/A | D53: N/A | E53: N/A
A54: Tennessee | B54: 1496795 | C54: N/A | D54: N/A | E54: N/A
A55: Texas | B55: 4254778 | C55: N/A | D55: N/A | E55: N/A
A56: Utah | B56: 293908 | C56: N/A | D56: N/A | E56: N/A
A57: Vermont | B57: 174201 | C57: 57473 | D57: 0 | E57: 57473
A58: Virgin Islands | B58: 25474 | C58: 11347 | D58: N/A | E58: 11347
A59: Virginia | B59: 1073040 | C59: 0 | D59: 0 | E59: 0
A60: Washington | B60: 1759640 | C60: 561298 | D60: 547730 | E60: 13568
A61: West Virginia | B61: 534034 | C61: 163554 | D61: 163554 | E61: 0
A62: Wisconsin | B62: 1181756 | C62: N/A | D62: N/A | E62: N/A
A63: Wyoming | B63: 57513 | C63: N/A | D63: N/A | E63: N/A
A64: Totals | B64: =SUM(B8:B63) -> 75485517 | C64: =SUM(C8:C63) -> 15269032 | D64: =SUM(D8:D63) -> 11981910 | E64: =SUM(E8:E63) -> 3287122
A66: * Awaiting state reporting/enrollment reasonableness review in progress
A68: Notes:
A69: 1. “VIII GROUP” is also known as the “New Adult Group.”
A70: 2. The VIII Group is only applicable for states that have expanded their Medicaid programs by adopting the VIII Group. VIII Group enrollment information
A71: for the states that have not expanded their Medicaid program is noted as “N/A.”
A72: 3. Michigan expanded its Medicaid program by adopting the VIII Group on April 1, 2014.
A73: 4. New Hampshire expanded its Medicaid program by adopting the VIII Group on August 15, 2014
A74: 5. Pennsylvania expanded its Medicaid program by adopting the VIII Group on January 1, 2015.
A75: 6. Indiana expanded its Medicaid program by adopting the VIII Group on February 1, 2015
A76: 7. Virgin Island expanded its Medicaid program by adopting the VIII Group on June 1, 2015
A77: 8. Alaska expanded its Medicaid program by adopting the VIII Group on September 1, 2015.
A78: 9. Montana expanded its Medicaid program by adopting the VIII Group on January 1, 2016.
... A81: 12. Virginia expanded its Medicaid program by adopting the VIII Group on January 1, 2019.

Sheet October-2018
A1: Total Medicaid Enrollees - VIII Group Break Out Report
A2: October-2018
A3: Updated February 2020
A4: Reported on the CMS-64
A7: State | B7: Total Medicaid Enrollees | C7: Total VIII Group Enrollees | D7: Total VIII Group Newly Eligible Enrollees | E7: Total VIII Group Not Newly Eligible Enrollees
A8: Alabama | B8: 1030845 | C8: N/A | D8: N/A | E8: N/A
A9: Alaska | B9: 206088 | C9: 48735 | D9: 48732 | E9: 3
A10: Amer. Samoa * | B10: 28183 | C10: N/A | D10: N/A | E10: N/A
A11: Arizona | B11: 1872908 | C11: 416061 | D11: 106046 | E11: 310015
A12: Arkansas | B12: 872212 | C12: 269136 | D12: 268280 | E12: 856
A13: California | B13: 12875160 | C13: 3790254 | D13: 3790254 | E13: 0
A14: Colorado | B14: 1288644 | C14: 409565 | D14: 402363 | E14: 7202
A15: Connecticut | B15: 935416 | C15: 256847 | D15: 233875 | E15: 22972
A16: Delaware | B16: 219077 | C16: 62623 | D16: 9772 | E16: 52851
A17: Dist. Of Col. | B17: 260411 | C17: 108584 | D17: 67018 | E17: 41566
A18: Florida | B18: 3878529 | C18: N/A | D18: N/A | E18: N/A
A19: Georgia | B19: 1942580 | C19: N/A | D19: N/A | E19: N/A
A20: Guam | B20: 36512 | C20: 4127 | D20: N/A | E20: 4127
A21: Hawaii | B21: 317217 | C21: 113491 | D21: 20999 | E21: 92492
A22: Idaho | B22: 303522 | C22: N/A | D22: N/A | E22: N/A
A23: Illinois | B23: 2749591 | C23: 702914 | D23: 596398 | E23: 106516
A24: Indiana | B24: 1328932 | C24: 303464 | D24: 303464 | E24: 0
A25: Iowa | B25: 606771 | C25: 169110 | D25: 154410 | E25: 14700
A26: Kansas | B26: 374483 | C26: N/A | D26: N/A | E26: N/A
A27: Kentucky | B27: 1299471 | C27: 451805 | D27: 451805 | E27: 0
A28: Louisiana | B28: 1654528 | C28: 494332 | D28: 494332 | E28: 0
A29: Maine | B29: 251140 | C29: 0 | D29: 0 | E29: 0
A30: Maryland | B30: 1214367 | C30: 308841 | D30: 308841 | E30: 0
A31: Massachusetts | B31: 1753049 | C31: 346163 | D31: 0 | E31: 346163
A32: Michigan | B32: 2428592 | C32: 684432 | D32: 626588 | E32: 57844
A33: Minnesota | B33: 1097796 | C33: 202437 | D33: 201489 | E33: 948
A34: Mississippi | B34: 674804 | C34: N/A | D34: N/A | E34: N/A
A35: Missouri | B35: 916574 | C35: N/A | D35: N/A | E35: N/A
A36: Montana | B36: 259669 | C36: 99148 | D36: 99148 | E36: 0
A37: N. Mariana Islands | B37: 16334 | C37: N/A | D37: N/A | E37: N/A
A38: Nebraska | B38: 245662 | C38: N/A | D38: N/A | E38: N/A
A39: Nevada | B39: 599811 | C39: 214196 | D39: 214196 | E39: 0
A40: New Hampshire | B40: 186104 | C40: 54851 | D40: 54553 | E40: 298
A41: New Jersey | B41: 1667572 | C41: 552008 | D41: 552008 | E41: 0
A42: New Mexico | B42: 834585 | C42: 251482 | D42: 251482 | E42: 0
A43: New York | B43: 6156470 | C43: 1914377 | D43: 299840 | E43: 1614537
A44: North Carolina | B44: 2181676 | C44: N/A | D44: N/A | E44: N/A
A45: North Dakota | B45: 92554 | C45: 20430 | D45: 19429 | E45: 1001
A46: Ohio | B46: 2900621 | C46: 586054 | D46: 585763 | E46: 291
A47: Oklahoma | B47: 653027 | C47: N/A | D47: N/A | E47: N/A
A48: Oregon | B48: 961729 | C48: 460745 | D48: 383282 | E48: 77463
A49: Pennsylvania | B49: 2866246 | C49: 774485 | D49: 735754 | E49: 38731
A50: Puerto Rico | B50: 1217207 | C50: 402604 | D50: N/A | E50: 402604
A51: Rhode Island | B51: 308970 | C51: 68866 | D51: 68866 | E51: 0
A52: South Carolina | B52: 1264072 | C52: N/A | D52: N/A | E52: N/A
A53: South Dakota | B53: 104391 | C53: N/A | D53: N/A | E53: N/A
A54: Tennessee | B54: 1512716 | C54: N/A | D54: N/A | E54: N/A
A55: Texas | B55: 4254567 | C55: N/A | D55: N/A | E55: N/A
A56: Utah | B56: 292060 | C56: N/A | D56: N/A | E56: N/A
A57: Vermont | B57: 174092 | C57: 57632 | D57: 0 | E57: 57632
A58: Virgin Islands | B58: 26666 | C58: 12155 | D58: N/A | E58: 11155
A59: Virginia | B59: 1073725 | C59: 0 | D59: 0 | E59: 0
A60: Washington | B60: 1757941 | C60: 560323 | D60: 546598 | E60: 13725
A61: West Virginia | B61: 531916 | C61: 162893 | D61: 162893 | E61: 0
A62: Wisconsin | B62: 1183158 | C62: N/A | D62: N/A | E62: N/A
A63: Wyoming | B63: 58084 | C63: N/A | D63: N/A | E63: N/A
A64: Totals | B64: =SUM(B8:B63) -> 75799027 | C64: =SUM(C8:C63) -> 15335170 | D64: =SUM(D8:D63) -> 12058478 | E64: =SUM(E8:E63) -> 3275692
A66: * Awaiting state reporting/enrollment reasonableness review in progress
A68: Notes:
A69: 1. “VIII GROUP” is also known as the “New Adult Group.”
A70: 2. The VIII Group is only applicable for states that have expanded their Medicaid programs by adopting the VIII Group. VIII Group enrollment information
A71: for the states that have not expanded their Medicaid program is noted as “N/A.”
A72: 3. Michigan expanded its Medicaid program by adopting the VIII Group on April 1, 2014.
A73: 4. New Hampshire expanded its Medicaid program by adopting the VIII Group on August 15, 2014
A74: 5. Pennsylvania expanded its Medicaid program by adopting the VIII Group on January 1, 2015.
A75: 6. Indiana expanded its Medicaid program by adopting the VIII Group on February 1, 2015
A76: 7. Virgin Island expanded its Medicaid program by adopting the VIII Group on June 1, 2015
A77: 8. Alaska expanded its Medicaid program by adopting the VIII Group on September 1, 2015.
A78: 9. Montana expanded its Medicaid program by adopting the VIII Group on January 1, 2016.
... A81: 12. Virginia expanded its Medicaid program by adopting the VIII Group on January 1, 2019.

Sheet November-2018
A1: Total Medicaid Enrollees - VIII Group Break Out Report
A2: November-2018
A3: Updated February 2020
A4: Reported on the CMS-64
A7: State | B7: Total Medicaid Enrollees | C7: Total VIII Group Enrollees | D7: Total VIII Group Newly Eligible Enrollees | E7: Total VIII Group Not Newly Eligible Enrollees
A8: Alabama | B8: 1029480 | C8: N/A | D8: N/A | E8: N/A
A9: Alaska | B9: 206553 | C9: 49465 | D9: 49460 | E9: 5
A10: Amer. Samoa * | B10: 28183 | C10: N/A | D10: N/A | E10: N/A
A11: Arizona | B11: 1875585 | C11: 417955 | D11: 106001 | E11: 311954
A12: Arkansas | B12: 862562 | C12: 264626 | D12: 263881 | E12: 745
A13: California | B13: 12806573 | C13: 3778550 | D13: 3778548 | E13: 2
A14: Colorado | B14: 1274037 | C14: 400640 | D14: 393453 | E14: 7187
A15: Connecticut | B15: 941142 | C15: 259611 | D15: 236522 | E15: 23089
A16: Delaware | B16: 218580 | C16: 62573 | D16: 9702 | E16: 52871
A17: Dist. Of Col. | B17: 261004 | C17: 108667 | D17: 67073 | E17: 41594
A18: Florida | B18: 3831170 | C18: N/A | D18: N/A | E18: N/A
A19: Georgia | B19: 1942727 | C19: N/A | D19: N/A | E19: N/A
A20: Guam | B20: 36437 | C20: 4151 | D20: N/A | E20: 4151
A21: Hawaii | B21: 315744 | C21: 113064 | D21: 21058 | E21: 92006
A22: Idaho | B22: 303763 | C22: N/A | D22: N/A | E22: N/A
A23: Illinois | B23: 2716062 | C23: 695325 | D23: 588527 | E23: 106798
A24: Indiana | B24: 1314309 | C24: 304042 | D24: 304042 | E24: 0
A25: Iowa | B25: 602886 | C25: 168966 | D25: 154137 | E25: 14829
A26: Kansas | B26: 372581 | C26: N/A | D26: N/A | E26: N/A
A27: Kentucky | B27: 1298359 | C27: 451771 | D27: 451771 | E27: 0
A28: Louisiana | B28: 1649027 | C28: 493404 | D28: 493404 | E28: 0
A29: Maine | B29: 250778 | C29: 0 | D29: 0 | E29: 0
A30: Maryland | B30: 1214140 | C30: 309524 | D30: 309524 | E30: 0
A31: Massachusetts | B31: 1764713 | C31: 271885 | D31: 0 | E31: 271885
A32: Michigan | B32: 2422058 | C32: 683634 | D32: 628160 | E32: 55474
A33: Minnesota | B33: 1084321 | C33: 199057 | D33: 198138 | E33: 919
A34: Mississippi | B34: 672864 | C34: N/A | D34: N/A | E34: N/A
A35: Missouri | B35: 903552 | C35: N/A | D35: N/A | E35: N/A
A36: Montana | B36: 257807 | C36: 98633 | D36: 98633 | E36: 0
A37: N. Mariana Islands | B37: 15871 | C37: N/A | D37: N/A | E37: N/A
A38: Nebraska | B38: 244729 | C38: N/A | D38: N/A | E38: N/A
A39: Nevada | B39: 594711 | C39: 212434 | D39: 212434 | E39: 0
A40: New Hampshire | B40: 185826 | C40: 54920 | D40: 54637 | E40: 283
A41: New Jersey | B41: 1661294 | C41: 551660 | D41: 551660 | E41: 0
A42: New Mexico | B42: 835397 | C42: 252671 | D42: 252671 | E42: 0
A43: New York | B43: 6149602 | C43: 1911261 | D43: 300546 | E43: 1610715
A44: North Carolina | B44: 2181656 | C44: N/A | D44: N/A | E44: N/A
A45: North Dakota | B45: 90257 | C45: 19716 | D45: 18751 | E45: 965
A46: Ohio | B46: 2882540 | C46: 581018 | D46: 580729 | E46: 289
A47: Oklahoma | B47: 649827 | C47: N/A | D47: N/A | E47: N/A
A48: Oregon | B48: 956800 | C48: 458684 | D48: 380477 | E48: 78207
A49: Pennsylvania | B49: 2858626 | C49: 771881 | D49: 733403 | E49: 38478
A50: Puerto Rico | B50: 1253229 | C50: 410022 | D50: N/A | E50: 410022
A51: Rhode Island | B51: 307307 | C51: 68579 | D51: 68579 | E51: 0
A52: South Carolina | B52: 1264623 | C52: N/A | D52: N/A | E52: N/A
A53: South Dakota | B53: 104100 | C53: N/A | D53: N/A | E53: N/A
A54: Tennessee | B54: 1505230 | C54: N/A | D54: N/A | E54: N/A
A55: Texas | B55: 4234019 | C55: N/A | D55: N/A | E55: N/A
A56: Utah | B56: 293018 | C56: N/A | D56: N/A | E56: N/A
A57: Vermont | B57: 172504 | C57: 56993 | D57: 0 | E57: 56993
A58: Virgin Islands | B58: 26983 | C58: 12315 | D58: N/A | E58: 12315
A59: Virginia | B59: 1078915 | C59: 0 | D59: 0 | E59: 0
A60: Washington | B60: 1759134 | C60: 564404 | D60: 550659 | E60: 13745
A61: West Virginia | B61: 528207 | C61: 161508 | D61: 161508 | E61: 0
A62: Wisconsin | B62: 1177346 | C62: N/A | D62: N/A | E62: N/A
A63: Wyoming | B63: 57177 | C63: N/A | D63: N/A | E63: N/A
A64: Totals | B64: =SUM(B8:B63) -> 75525925 | C64: =SUM(C8:C63) -> 15223609 | D64: =SUM(D8:D63) -> 12018088 | E64: =SUM(E8:E63) -> 3205521
A66: * Awaiting state reporting/enrollment reasonableness review in progress
A68: Notes:
A69: 1. “VIII GROUP” is also known as the “New Adult Group.”
A70: 2. The VIII Group is only applicable for states that have expanded their Medicaid programs by adopting the VIII Group. VIII Group enrollment information
A71: for the states that have not expanded their Medicaid program is noted as “N/A.”
A72: 3. Michigan expanded its Medicaid program by adopting the VIII Group on April 1, 2014.
A73: 4. New Hampshire expanded its Medicaid program by adopting the VIII Group on August 15, 2014
A74: 5. Pennsylvania expanded its Medicaid program by adopting the VIII Group on January 1, 2015.
A75: 6. Indiana expanded its Medicaid program by adopting the VIII Group on February 1, 2015
A76: 7. Virgin Island expanded its Medicaid program by adopting the VIII Group on June 1, 2015
A77: 8. Alaska expanded its Medicaid program by adopting the VIII Group on September 1, 2015.
A78: 9. Montana expanded its Medicaid program by adopting the VIII Group on January 1, 2016.
... A81: 12. Virginia expanded its Medicaid program by adopting the VIII Group on January 1, 2019.

Sheet December-2018
A1: Total Medicaid Enrollees - VIII Group Break Out Report
A2: December-2018
A3: Updated February 2020
A4: Reported on the CMS-64
A7: State | B7: Total Medicaid Enrollees | C7: Total VIII Group Enrollees | D7: Total VIII Group Newly Eligible Enrollees | E7: Total VIII Group Not Newly Eligible Enrollees
A8: Alabama | B8: 1026849 | C8: N/A | D8: N/A | E8: N/A
A9: Alaska | B9: 206870 | C9: 50050 | D9: 50046 | E9: 4
A10: Amer. Samoa * | B10: 28183 | C10: N/A | D10: N/A | E10: N/A
A11: Arizona | B11: 1875915 | C11: 420159 | D11: 106170 | E11: 313989
A12: Arkansas | B12: 845850 | C12: 256595 | D12: 255852 | E12: 743
A13: California | B13: 12674291 | C13: 3745157 | D13: 3745154 | E13: 3
A14: Colorado | B14: 1267068 | C14: 398485 | D14: 391400 | E14: 7085
A15: Connecticut | B15: 951730 | C15: 264330 | D15: 240657 | E15: 23673
A16: Delaware | B16: 0 | C16: 0 | D16: 0 | E16: 0
A17: Dist. Of Col. | B17: 261096 | C17: 108901 | D17: 67213 | E17: 41688
A18: Florida | B18: 3717196 | C18: N/A | D18: N/A | E18: N/A
A19: Georgia | B19: 1945609 | C19: N/A | D19: N/A | E19: N/A
A20: Guam | B20: 36285 | C20: 4165 | D20: N/A | E20: 4165
A21: Hawaii | B21: 314082 | C21: 112703 | D21: 20972 | E21: 91731
A22: Idaho | B22: 304138 | C22: N/A | D22: N/A | E22: N/A
A23: Illinois | B23: 2681580 | C23: 688386 | D23: 581454 | E23: 106932
A24: Indiana | B24: 1293678 | C24: 301500 | D24: 301500 | E24: 0
A25: Iowa | B25: 604261 | C25: 169743 | D25: 154768 | E25: 14975
A26: Kansas | B26: 372118 | C26: N/A | D26: N/A | E26: N/A
A27: Kentucky | B27: 1292585 | C27: 449995 | D27: 449995 | E27: 0
A28: Louisiana | B28: 1652110 | C28: 495453 | D28: 495453 | E28: 0
A29: Maine | B29: 248113 | C29: 0 | D29: 0 | E29: 0
A30: Maryland | B30: 1211894 | C30: 309758 | D30: 309758 | E30: 0
A31: Massachusetts | B31: 1701088 | C31: 334737 | D31: 0 | E31: 334737
A32: Michigan | B32: 2420714 | C32: 687460 | D32: 633017 | E32: 54443
A33: Minnesota | B33: 1057341 | C33: 192820 | D33: 192256 | E33: 564
A34: Mississippi | B34: 670959 | C34: N/A | D34: N/A | E34: N/A
A35: Missouri | B35: 897164 | C35: N/A | D35: N/A | E35: N/A
A36: Montana | B36: 254940 | C36: 97832 | D36: 97832 | E36: 0
A37: N. Mariana Islands | B37: 15779 | C37: N/A | D37: N/A | E37: N/A
A38: Nebraska | B38: 243681 | C38: N/A | D38: N/A | E38: N/A
A39: Nevada | B39: 591035 | C39: 211278 | D39: 211278 | E39: 0
A40: New Hampshire | B40: 185705 | C40: 55448 | D40: 55172 | E40: 276
A41: New Jersey | B41: 1656601 | C41: 552053 | D41: 552053 | E41: 0
A42: New Mexico | B42: 832586 | C42: 252949 | D42: 252949 | E42: 0
A43: New York | B43: 6146669 | C43: 1909545 | D43: 300806 | E43: 1608739
A44: North Carolina | B44: 2178793 | C44: N/A | D44: N/A | E44: N/A
A45: North Dakota | B45: 89678 | C45: 19542 | D45: 18618 | E45: 924
A46: Ohio | B46: 2858429 | C46: 569651 | D46: 569360 | E46: 291
A47: Oklahoma | B47: 640095 | C47: N/A | D47: N/A | E47: N/A
A48: Oregon | B48: 946804 | C48: 454172 | D48: 375927 | E48: 78245
A49: Pennsylvania | B49: 2849170 | C49: 769039 | D49: 730764 | E49: 38275
A50: Puerto Rico | B50: 1223270 | C50: 400209 | D50: N/A | E50: 400209
A51: Rhode Island | B51: 308695 | C51: 69511 | D51: 69511 | E51: 0
A52: South Carolina | B52: 1265677 | C52: N/A | D52: N/A | E52: N/A
A53: South Dakota | B53: 104062 | C53: N/A | D53: N/A | E53: N/A
A54: Tennessee | B54: 1509553 | C54: N/A | D54: N/A | E54: N/A
A55: Texas | B55: 4217767 | C55: N/A | D55: N/A | E55: N/A
A56: Utah | B56: 290794 | C56: N/A | D56: N/A | E56: N/A
A57: Vermont | B57: 172859 | C57: 57340 | D57: 0 | E57: 57340
A58: Virgin Islands | B58: 27284 | C58: 12497 | D58: N/A | E58: 12497
A59: Virginia | B59: 1082925 | C59: 0 | D59: 0 | E59: 0
A60: Washington | B60: 1759718 | C60: 568958 | D60: 555071 | E60: 13887
A61: West Virginia | B61: 525287 | C61: 160732 | D61: 160732 | E61: 0
A62: Wisconsin | B62: 1177714 | C62: N/A | D62: N/A | E62: N/A
A63: Wyoming | B63: 56278 | C63: N/A | D63: N/A | E63: N/A
A64: Totals | B64: =SUM(B8:B63) -> 74770615 | C64: =SUM(C8:C63) -> 15151153 | D64: =SUM(D8:D63) -> 11945738 | E64: =SUM(E8:E63) -> 3205415
A66: * Awaiting state reporting/enrollment reasonableness review in progress
A68: Notes:
A69: 1. “VIII GROUP” is also known as the “New Adult Group.”
A70: 2. The VIII Group is only applicable for states that have expanded their Medicaid programs by adopting the VIII Group. VIII Group enrollment information
A71: for the states that have not expanded their Medicaid program is noted as “N/A.”
A72: 3. Michigan expanded its Medicaid program by adopting the VIII Group on April 1, 2014.
A73: 4. New Hampshire expanded its Medicaid program by adopting the VIII Group on August 15, 2014
A74: 5. Pennsylvania expanded its Medicaid program by adopting the VIII Group on January 1, 2015.
A75: 6. Indiana expanded its Medicaid program by adopting the VIII Group on February 1, 2015
A76: 7. Virgin Island expanded its Medicaid program by adopting the VIII Group on June 1, 2015
A77: 8. Alaska expanded its Medicaid program by adopting the VIII Group on September 1, 2015.
A78: 9. Montana expanded its Medicaid program by adopting the VIII Group on January 1, 2016.
... A81: 12. Virginia expanded its Medicaid program by adopting the VIII Group on January 1, 2019.

Sheet January-2019
A1: Total Medicaid Enrollees - VIII Group Break Out Report
A2: January-2019
A3: Updated February 2020
A4: Reported on the CMS-64
A7: State | B7: Total Medicaid Enrollees | C7: Total VIII Group Enrollees | D7: Total VIII Group Newly Eligible Enrollees | E7: Total VIII Group Not Newly Eligible Enrollees
A8: Alabama | B8: 1030869 | C8: N/A | D8: N/A | E8: N/A
A9: Alaska | B9: 207330 | C9: 50515 | D9: 50512 | E9: 3
A10: Amer. Samoa * | B10: 28183 | C10: N/A | D10: N/A | E10: N/A
A11: Arizona | B11: 1874674 | C11: 421967 | D11: 106458 | E11: 315509
A12: Arkansas | B12: 841490 | C12: 254640 | D12: 253702 | E12: 938
A13: California | B13: 12793749 | C13: 3787369 | D13: 3787362 | E13: 7
A14: Colorado | B14: 1258689 | C14: 389813 | D14: 382675 | E14: 7138
A15: Connecticut | B15: 947355 | C15: 263967 | D15: 240397 | E15: 23570
A16: Delaware | B16: 219338 | C16: 62893 | D16: 9842 | E16: 53051
A17: Dist. Of Col. | B17: 260388 | C17: 108097 | D17: 66620 | E17: 41477
A18: Florida | B18: 3834674 | C18: N/A | D18: N/A | E18: N/A
A19: Georgia | B19: 1961608 | C19: N/A | D19: N/A | E19: N/A
A20: Guam | B20: 36415 | C20: 4196 | D20: N/A | E20: 4196
A21: Hawaii | B21: 313334 | C21: 112080 | D21: 20671 | E21: 91409
A22: Idaho | B22: 293665 | C22: N/A | D22: N/A | E22: N/A
A23: Illinois | B23: 2668561 | C23: 683826 | D23: 576312 | E23: 107514
A24: Indiana | B24: 1320211 | C24: 305297 | D24: 305297 | E24: 0
A25: Iowa | B25: 601388 | C25: 169454 | D25: 153747 | E25: 15707
A26: Kansas | B26: 369499 | C26: N/A | D26: N/A | E26: N/A
A27: Kentucky | B27: 1294292 | C27: 450634 | D27: 450634 | E27: 0
A28: Louisiana | B28: 1679275 | C28: 508604 | D28: 508604 | E28: 0
A29: Maine | B29: 250952 | C29: 2922 | D29: 2922 | E29: 0
A30: Maryland | B30: 1211974 | C30: 309643 | D30: 309643 | E30: 0
A31: Massachusetts | B31: 1481856 | C31: 337206 | D31: 0 | E31: 337206
A32: Michigan | B32: 2421046 | C32: 689970 | D32: 636973 | E32: 52997
A33: Minnesota | B33: 1084410 | C33: 197789 | D33: 197019 | E33: 770
A34: Mississippi | B34: 675003 | C34: N/A | D34: N/A | E34: N/A
A35: Missouri | B35: 895137 | C35: N/A | D35: N/A | E35: N/A
A36: Montana | B36: 259773 | C36: 99861 | D36: 99861 | E36: 0
A37: N. Mariana Islands | B37: 16305 | C37: N/A | D37: N/A | E37: N/A
A38: Nebraska | B38: 244419 | C38: N/A | D38: N/A | E38: N/A
A39: Nevada | B39: 589856 | C39: 211069 | D39: 211069 | E39: 0
A40: New Hampshire | B40: 185469 | C40: 55063 | D40: 54786 | E40: 277
A41: New Jersey | B41: 1651766 | C41: 551242 | D41: 551242 | E41: 0
A42: New Mexico | B42: 837778 | C42: 255147 | D42: 255147 | E42: 0
A43: New York | B43: 6153908 | C43: 1911722 | D43: 302526 | E43: 1609196
A44: North Carolina | B44: 2178750 | C44: N/A | D44: N/A | E44: N/A
A45: North Dakota | B45: 91289 | C45: 20160 | D45: 19211 | E45: 949
A46: Ohio | B46: 2852643 | C46: 561489 | D46: 561221 | E46: 268
A47: Oklahoma | B47: 641671 | C47: N/A | D47: N/A | E47: N/A
A48: Oregon | B48: 967100 | C48: 466729 | D48: 386673 | E48: 80056
A49: Pennsylvania | B49: 2866740 | C49: 774134 | D49: 735455 | E49: 38679
A50: Puerto Rico | B50: 1187816 | C50: 386137 | D50: N/A | E50: 386137
A51: Rhode Island | B51: 307572 | C51: 68493 | D51: 68493 | E51: 0
A52: South Carolina | B52: 1267524 | C52: N/A | D52: N/A | E52: N/A
A53: South Dakota | B53: 104369 | C53: N/A | D53: N/A | E53: N/A
A54: Tennessee | B54: 1540713 | C54: N/A | D54: N/A | E54: N/A
A55: Texas | B55: 4219994 | C55: N/A | D55: N/A | E55: N/A
A56: Utah | B56: 290397 | C56: N/A | D56: N/A | E56: N/A
A57: Vermont | B57: 171269 | C57: 56793 | D57: 0 | E57: 56793
A58: Virgin Islands | B58: 27617 | C58: 12713 | D58: 12678 | E58: 12713
A59: Virginia | B59: 1356905 | C59: 198653 | D59: 198653 | E59: 0
A60: Washington | B60: 1752554 | C60: 563224 | D60: 548937 | E60: 14287
A61: West Virginia | B61: 524071 | C61: 161070 | D61: 161070 | E61: 0
A62: Wisconsin | B62: 1176174 | C62: N/A | D62: N/A | E62: N/A
A63: Wyoming | B63: 56253 | C63: N/A | D63: N/A | E63: N/A
A64: Totals | B64: =SUM(B8:B63) -> 75376060 | C64: =SUM(C8:C63) -> 15464581 | D64: =SUM(D8:D63) -> 12226412 | E64: =SUM(E8:E63) -> 3250847
A66: * Awaiting state reporting/enrollment reasonableness review in progress
A68: Notes:
A69: 1. “VIII GROUP” is also known as the “New Adult Group.”
A70: 2. The VIII Group is only applicable for states that have expanded their Medicaid programs by adopting the VIII Group. VIII Group enrollment information
A71: for the states that have not expanded their Medicaid program is noted as “N/A.”
A72: 3. Michigan expanded its Medicaid program by adopting the VIII Group on April 1, 2014.
A73: 4. New Hampshire expanded its Medicaid program by adopting the VIII Group on August 15, 2014
A74: 5. Pennsylvania expanded its Medicaid program by adopting the VIII Group on January 1, 2015.
A75: 6. Indiana expanded its Medicaid program by adopting the VIII Group on February 1, 2015
A76: 7. Virgin Island expanded its Medicaid program by adopting the VIII Group on June 1, 2015
A77: 8. Alaska expanded its Medicaid program by adopting the VIII Group on September 1, 2015.
A78: 9. Montana expanded its Medicaid program by adopting the VIII Group on January 1, 2016.
... A81: 12. Virginia expanded its Medicaid program by adopting the VIII Group on January 1, 2019.

Sheet February-2019
A1: Total Medicaid Enrollees - VIII Group Break Out Report
A2: February-2019
A3: Updated February 2020
A4: Reported on the CMS-64
A7: State | B7: Total Medicaid Enrollees | C7: Total VIII Group Enrollees | D7: Total VIII Group Newly Eligible Enrollees | E7: Total VIII Group Not Newly Eligible Enrollees
A8: Alabama | B8: 1033902 | C8: N/A | D8: N/A | E8: N/A
A9: Alaska | B9: 207050 | C9: 50745 | D9: 50742 | E9: 3
A10: Amer. Samoa * | B10: 28183 | C10: N/A | D10: N/A | E10: N/A
A11: Arizona | B11: 1880317 | C11: 426279 | D11: 107451 | E11: 318828
A12: Arkansas | B12: 832662 | C12: 251077 | D12: 250141 | E12: 936
A13: California | B13: 12724664 | C13: 3768331 | D13: 3767510 | E13: 821
A14: Colorado | B14: 1255515 | C14: 389270 | D14: 382110 | E14: 7160
A15: Connecticut | B15: 953795 | C15: 266839 | D15: 242907 | E15: 23932
A16: Delaware | B16: 219432 | C16: 62843 | D16: 9784 | E16: 53059
A17: Dist. Of Col. | B17: 260789 | C17: 108049 | D17: 66542 | E17: 41507
A18: Florida | B18: 3790751 | C18: N/A | D18: N/A | E18: N/A
A19: Georgia | B19: 1957553 | C19: N/A | D19: N/A | E19: N/A
A20: Guam | B20: 36253 | C20: 4207 | D20: N/A | E20: 4207
A21: Hawaii | B21: 311088 | C21: 110824 | D21: 20336 | E21: 90488
A22: Idaho | B22: 294793 | C22: N/A | D22: N/A | E22: N/A
A23: Illinois | B23: 2638758 | C23: 672921 | D23: 565283 | E23: 107638
A24: Indiana | B24: 1320319 | C24: 309792 | D24: 309792 | E24: 0
A25: Iowa | B25: 604647 | C25: 171352 | D25: 155930 | E25: 15422
A26: Kansas | B26: 364113 | C26: N/A | D26: N/A | E26: N/A
A27: Kentucky | B27: 1290860 | C27: 450566 | D27: 450566 | E27: 0
A28: Louisiana | B28: 1675222 | C28: 507789 | D28: 507789 | E28: 0
A29: Maine | B29: 257551 | C29: 8562 | D29: 8562 | E29: 0
A30: Maryland | B30: 1215940 | C30: 310237 | D30: 310237 | E30: 0
A31: Massachusetts | B31: 1418667 | C31: 320525 | D31: 0 | E31: 320525
A32: Michigan | B32: 2443016 | C32: 697752 | D32: 645158 | E32: 52594
A33: Minnesota | B33: 1067388 | C33: 193550 | D33: 192684 | E33: 866
A34: Mississippi | B34: 674568 | C34: N/A | D34: N/A | E34: N/A
A35: Missouri | B35: 890169 | C35: N/A | D35: N/A | E35: N/A
A36: Montana | B36: 258991 | C36: 99706 | D36: 99706 | E36: 0
A37: N. Mariana Islands | B37: 15963 | C37: N/A | D37: N/A | E37: N/A
A38: Nebraska | B38: 245052 | C38: N/A | D38: N/A | E38: N/A
A39: Nevada | B39: 587891 | C39: 210227 | D39: 210227 | E39: 0
A40: New Hampshire | B40: 185135 | C40: 54590 | D40: 54307 | E40: 283
A41: New Jersey | B41: 1639444 | C41: 545379 | D41: 545379 | E41: 0
A42: New Mexico | B42: 836101 | C42: 255681 | D42: 255681 | E42: 0
A43: New York | B43: 6135558 | C43: 1902691 | D43: 301773 | E43: 1600918
A44: North Carolina | B44: 2172915 | C44: N/A | D44: N/A | E44: N/A
A45: North Dakota | B45: 89555 | C45: 19561 | D45: 18641 | E45: 920
A46: Ohio | B46: 2845367 | C46: 562111 | D46: 561835 | E46: 276
A47: Oklahoma | B47: 644559 | C47: N/A | D47: N/A | E47: N/A
A48: Oregon | B48: 963676 | C48: 464703 | D48: 384309 | E48: 80394
A49: Pennsylvania | B49: 2859499 | C49: 770742 | D49: 731892 | E49: 38850
A50: Puerto Rico | B50: 1212621 | C50: 403672 | D50: N/A | E50: 403672
A51: Rhode Island | B51: 304249 | C51: 66656 | D51: 66656 | E51: 0
A52: South Carolina | B52: 1268616 | C52: N/A | D52: N/A | E52: N/A
A53: South Dakota | B53: 104494 | C53: N/A | D53: N/A | E53: N/A
A54: Tennessee | B54: 1541156 | C54: N/A | D54: N/A | E54: N/A
A55: Texas | B55: 4204185 | C55: N/A | D55: N/A | E55: N/A
A56: Utah | B56: 288842 | C56: N/A | D56: N/A | E56: N/A
A57: Vermont | B57: 170560 | C57: 56608 | D57: 0 | E57: 56608
A58: Virgin Islands | B58: 27917 | C58: 12846 | D58: N/A | E58: 12846
A59: Virginia | B59: 1401917 | C59: 220580 | D59: 220580 | E59: 0
A60: Washington | B60: 1743962 | C60: 559930 | D60: 545495 | E60: 14435
A61: West Virginia | B61: 524465 | C61: 161113 | D61: 161113 | E61: 0
A62: Wisconsin | B62: 1178036 | C62: N/A | D62: N/A | E62: N/A
A63: Wyoming | B63: 54601 | C63: N/A | D63: N/A | E63: N/A
A64: Totals | B64: =SUM(B8:B63) -> 75153292 | C64: =SUM(C8:C63) -> 15448306 | D64: =SUM(D8:D63) -> 12201118 | E64: =SUM(E8:E63) -> 3247188
A66: * Awaiting state reporting/enrollment reasonableness review in progress
A68: Notes:
A69: 1. “VIII GROUP” is also known as the “New Adult Group.”
A70: 2. The VIII Group is only applicable for states that have expanded their Medicaid programs by adopting the VIII Group. VIII Group enrollment information
A71: for the states that have not expanded their Medicaid program is noted as “N/A.”
A72: 3. Michigan expanded its Medicaid program by adopting the VIII Group on April 1, 2014.
A73: 4. New Hampshire expanded its Medicaid program by adopting the VIII Group on August 15, 2014
A74: 5. Pennsylvania expanded its Medicaid program by adopting the VIII Group on January 1, 2015.
A75: 6. Indiana expanded its Medicaid program by adopting the VIII Group on February 1, 2015
A76: 7. Virgin Island expanded its Medicaid program by adopting the VIII Group on June 1, 2015
A77: 8. Alaska expanded its Medicaid program by adopting the VIII Group on September 1, 2015.
A78: 9. Montana expanded its Medicaid program by adopting the VIII Group on January 1, 2016.
... A81: 12. Virginia expanded its Medicaid program by adopting the VIII Group on January 1, 2019.

Sheet March-2019
A1: Total Medicaid Enrollees - VIII Group Break Out Report
A2: March-2019
A3: Updated February 2020
A4: Reported on the CMS-64
A7: State | B7: Total Medicaid Enrollees | C7: Total VIII Group Enrollees | D7: Total VIII Group Newly Eligible Enrollees | E7: Total VIII Group Not Newly Eligible Enrollees
A8: Alabama | B8: 1033512 | C8: N/A | D8: N/A | E8: N/A
A9: Alaska | B9: 206812 | C9: 50871 | D9: 50867 | E9: 4
A10: Amer. Samoa * | B10: 28183 | C10: N/A | D10: N/A | E10: N/A
A11: Arizona | B11: 1876939 | C11: 426199 | D11: 107490 | E11: 318709
A12: Arkansas | B12: 825029 | C12: 247947 | D12: 246996 | E12: 951
A13: California | B13: 12618740 | C13: 3743642 | D13: 3741168 | E13: 2474
A14: Colorado | B14: 1249008 | C14: 386765 | D14: 379757 | E14: 7008
A15: Connecticut | B15: 954542 | C15: 267800 | D15: 243656 | E15: 24144
A16: Delaware | B16: 218971 | C16: 62762 | D16: 9817 | E16: 52945
A17: Dist. Of Col. | B17: 261139 | C17: 107983 | D17: 66488 | E17: 41495
A18: Florida | B18: 3659143 | C18: N/A | D18: N/A | E18: N/A
A19: Georgia | B19: 1957134 | C19: N/A | D19: N/A | E19: N/A
A20: Guam | B20: 35908 | C20: 4208 | D20: N/A | E20: 4208
A21: Hawaii | B21: 312149 | C21: 111530 | D21: 20366 | E21: 91164
A22: Idaho | B22: 294796 | C22: N/A | D22: N/A | E22: N/A
A23: Illinois | B23: 2619375 | C23: 670127 | D23: 562511 | E23: 107616
A24: Indiana | B24: 1310771 | C24: 310202 | D24: 310202 | E24: 0
A25: Iowa | B25: 603260 | C25: 171270 | D25: 156133 | E25: 15137
A26: Kansas | B26: 363294 | C26: N/A | D26: N/A | E26: N/A
A27: Kentucky | B27: 1294481 | C27: 450936 | D27: 450936 | E27: 0
A28: Louisiana | B28: 1673188 | C28: 507668 | D28: 507668 | E28: 0
A29: Maine | B29: 261086 | C29: 12210 | D29: 12210 | E29: 0
A30: Maryland | B30: 1222071 | C30: 310968 | D30: 310968 | E30: 0
A31: Massachusetts | B31: 1488230 | C31: 336784 | D31: 0 | E31: 336784
A32: Michigan | B32: 2435356 | C32: 698135 | D32: 645972 | E32: 52163
A33: Minnesota | B33: 1043848 | C33: 187912 | D33: 186981 | E33: 931
A34: Mississippi | B34: 674239 | C34: N/A | D34: N/A | E34: N/A
A35: Missouri | B35: 881755 | C35: N/A | D35: N/A | E35: N/A
A36: Montana | B36: 255239 | C36: 98136 | D36: 98136 | E36: 0
A37: N. Mariana Islands | B37: 16109 | C37: N/A | D37: N/A | E37: N/A
A38: Nebraska | B38: 245217 | C38: N/A | D38: N/A | E38: N/A
A39: Nevada | B39: 587603 | C39: 209747 | D39: 209747 | E39: 0
A40: New Hampshire | B40: 184346 | C40: 54127 | D40: 53842 | E40: 285
A41: New Jersey | B41: 1631808 | C41: 541972 | D41: 541972 | E41: 0
A42: New Mexico | B42: 831563 | C42: 254692 | D42: 254692 | E42: 0
A43: New York | B43: 6130507 | C43: 1900628 | D43: 301942 | E43: 1598686
A44: North Carolina | B44: 2162490 | C44: N/A | D44: N/A | E44: N/A
A45: North Dakota | B45: 87694 | C45: 19140 | D45: 18275 | E45: 865
A46: Ohio | B46: 2838197 | C46: 559692 | D46: 559418 | E46: 274
A47: Oklahoma | B47: 637768 | C47: N/A | D47: N/A | E47: N/A
A48: Oregon | B48: 958743 | C48: 461893 | D48: 381390 | E48: 80503
A49: Pennsylvania | B49: 2859228 | C49: 773138 | D49: 733961 | E49: 39177
A50: Puerto Rico | B50: 1221409 | C50: 410628 | D50: N/A | E50: 410628
A51: Rhode Island | B51: 303148 | C51: 66446 | D51: 66446 | E51: 0
A52: South Carolina | B52: 1269811 | C52: N/A | D52: N/A | E52: N/A
A53: South Dakota | B53: 104328 | C53: N/A | D53: N/A | E53: N/A
A54: Tennessee | B54: 1545499 | C54: N/A | D54: N/A | E54: N/A
A55: Texas | B55: 4194517 | C55: N/A | D55: N/A | E55: N/A
A56: Utah | B56: 287277 | C56: N/A | D56: N/A | E56: N/A
A57: Vermont | B57: 169458 | C57: 55799 | D57: 0 | E57: 55799
A58: Virgin Islands | B58: 28363 | C58: 13100 | D58: N/A | E58: 13100
A59: Virginia | B59: 1432250 | C59: 237165 | D59: 237165 | E59: 0
A60: Washington | B60: 1737288 | C60: 555549 | D60: 541176 | E60: 14373
A61: West Virginia | B61: 521854 | C61: 161259 | D61: 161259 | E61: 0
A62: Wisconsin | B62: 1178290 | C62: N/A | D62: N/A | E62: N/A
A63: Wyoming | B63: 54597 | C63: N/A | D63: N/A | E63: N/A
A64: Totals | B64: =SUM(B8:B63) -> 74877560 | C64: =SUM(C8:C63) -> 15439030 | D64: =SUM(D8:D63) -> 12169607 | E64: =SUM(E8:E63) -> 3269423
A66: * Awaiting state reporting/enrollment reasonableness review in progress
A68: Notes:
A69: 1. “VIII GROUP” is also known as the “New Adult Group.”
A70: 2. The VIII Group is only applicable for states that have expanded their Medicaid programs by adopting the VIII Group. VIII Group enrollment information
A71: for the states that have not expanded their Medicaid program is noted as “N/A.”
A72: 3. Michigan expanded its Medicaid program by adopting the VIII Group on April 1, 2014.
A73: 4. New Hampshire expanded its Medicaid program by adopting the VIII Group on August 15, 2014
A74: 5. Pennsylvania expanded its Medicaid program by adopting the VIII Group on January 1, 2015.
A75: 6. Indiana expanded its Medicaid program by adopting the VIII Group on February 1, 2015
A76: 7. Virgin Island expanded its Medicaid program by adopting the VIII Group on June 1, 2015
A77: 8. Alaska expanded its Medicaid program by adopting the VIII Group on September 1, 2015.
A78: 9. Montana expanded its Medicaid program by adopting the VIII Group on January 1, 2016.
... A81: 12. Virginia expanded its Medicaid program by adopting the VIII Group on January 1, 2019.

Sheet April-2019
A1: Total Medicaid Enrollees - VIII Group Break Out Report
A2: April-2019
A3: Updated February 2020
A4: Reported on the CMS-64
A7: State | B7: Total Medicaid Enrollees | C7: Total VIII Group Enrollees | D7: Total VIII Group Newly Eligible Enrollees | E7: Total VIII Group Not Newly Eligible Enrollees
A8: Alabama | B8: 1030917 | C8: N/A | D8: N/A | E8: N/A
A9: Alaska | B9: 206677 | C9: 51144 | D9: 51130 | E9: 14
A10: Amer. Samoa * | B10: 37829 | C10: N/A | D10: N/A | E10: N/A
A11: Arizona | B11: 1876550 | C11: 427072 | D11: 107443 | E11: 319629
A12: Arkansas | B12: 829466 | C12: 250832 | D12: 249912 | E12: 920
A13: California | B13: 12693315 | C13: 3768859 | D13: 3762176 | E13: 6683
A14: Colorado | B14: 1235646 | C14: 378962 | D14: 371819 | E14: 7143
A15: Connecticut | B15: 950722 | C15: 266719 | D15: 242640 | E15: 24079
A16: Delaware | B16: 218611 | C16: 62534 | D16: 9593 | E16: 52941
A17: Dist. Of Col. | B17: 260916 | C17: 107772 | D17: 66510 | E17: 41262
A18: Florida | B18: 3813445 | C18: N/A | D18: N/A | E18: N/A
A19: Georgia | B19: 1960778 | C19: N/A | D19: N/A | E19: N/A
A20: Guam | B20: 35865 | C20: 4216 | D20: N/A | E20: 4216
A21: Hawaii | B21: 310597 | C21: 110678 | D21: 20114 | E21: 90564
A22: Idaho | B22: 297787 | C22: N/A | D22: N/A | E22: N/A
A23: Illinois | B23: 2611653 | C23: 669227 | D23: 561633 | E23: 107594
A24: Indiana | B24: 1336106 | C24: 313191 | D24: 313191 | E24: 0
A25: Iowa | B25: 606174 | C25: 172153 | D25: 157036 | E25: 15117
A26: Kansas | B26: 354789 | C26: N/A | D26: N/A | E26: N/A
A27: Kentucky | B27: 1288626 | C27: 449500 | D27: 449500 | E27: 0
A28: Louisiana | B28: 1633613 | C28: 478930 | D28: 478930 | E28: 0
A29: Maine | B29: 262988 | C29: 19812 | D29: 15399 | E29: 4413
A30: Maryland | B30: 1224567 | C30: 309844 | D30: 309844 | E30: 0
A31: Massachusetts | B31: 1442299 | C31: 334027 | D31: 0 | E31: 334027
A32: Michigan | B32: 2419259 | C32: 690711 | D32: 639880 | E32: 50831
A33: Minnesota | B33: 1073560 | C33: 193826 | D33: 193000 | E33: 826
A34: Mississippi | B34: 674544 | C34: N/A | D34: N/A | E34: N/A
A35: Missouri | B35: 870719 | C35: N/A | D35: N/A | E35: N/A
A36: Montana | B36: 257505 | C36: 98741 | D36: 98741 | E36: 0
A37: N. Mariana Islands | B37: 16229 | C37: N/A | D37: N/A | E37: N/A
A38: Nebraska | B38: 245121 | C38: N/A | D38: N/A | E38: N/A
A39: Nevada | B39: 589216 | C39: 210608 | D39: 210608 | E39: 0
A40: New Hampshire | B40: 183038 | C40: 53424 | D40: 53138 | E40: 286
A41: New Jersey | B41: 1620134 | C41: 537233 | D41: 537233 | E41: 0
A42: New Mexico | B42: 834204 | C42: 258061 | D42: 258061 | E42: 0
A43: New York | B43: 6116056 | C43: 1895526 | D43: 301806 | E43: 1593720
A44: North Carolina | B44: 2154624 | C44: N/A | D44: N/A | E44: N/A
A45: North Dakota | B45: 91090 | C45: 20369 | D45: 19419 | E45: 950
A46: Ohio | B46: 2828477 | C46: 555348 | D46: 555079 | E46: 269
A47: Oklahoma | B47: 639764 | C47: N/A | D47: N/A | E47: N/A
A48: Oregon | B48: 967318 | C48: 466720 | D48: 385249 | E48: 81471
A49: Pennsylvania | B49: 2868594 | C49: 775938 | D49: 736553 | E49: 39385
A50: Puerto Rico | B50: 1240935 | C50: 424284 | D50: N/A | E50: 424284
A51: Rhode Island | B51: 301535 | C51: 66641 | D51: 66641 | E51: 0
A52: South Carolina | B52: 1266461 | C52: N/A | D52: N/A | E52: N/A
A53: South Dakota | B53: 104303 | C53: N/A | D53: N/A | E53: N/A
A54: Tennessee | B54: 1575689 | C54: N/A | D54: N/A | E54: N/A
A55: Texas | B55: 4152831 | C55: N/A | D55: N/A | E55: N/A
A56: Utah | B56: 291922 | C56: N/A | D56: N/A | E56: N/A
A57: Vermont | B57: 168482 | C57: 55431 | D57: 0 | E57: 55431
A58: Virgin Islands | B58: 28626 | C58: 13248 | D58: N/A | E58: 13248
A59: Virginia | B59: 1470849 | C59: 255592 | D59: 255592 | E59: 0
A60: Washington | B60: 1738596 | C60: 553306 | D60: 539068 | E60: 14238
A61: West Virginia | B61: 522250 | C61: 161591 | D61: 161591 | E61: 0
A62: Wisconsin | B62: 1183431 | C62: N/A | D62: N/A | E62: N/A
A63: Wyoming | B63: 55709 | C63: N/A | D63: N/A | E63: N/A
A64: Totals | B64: =SUM(B8:B63) -> 75071007 | C64: =SUM(C8:C63) -> 15462070 | D64: =SUM(D8:D63) -> 12178529 | E64: =SUM(E8:E63) -> 3283541
A66: * Awaiting state reporting/enrollment reasonableness review in progress
A68: Notes:
A69: 1. “VIII GROUP” is also known as the “New Adult Group.”
A70: 2. The VIII Group is only applicable for states that have expanded their Medicaid programs by adopting the VIII Group. VIII Group enrollment information
A71: for the states that have not expanded their Medicaid program is noted as “N/A.”
A72: 3. Michigan expanded its Medicaid program by adopting the VIII Group on April 1, 2014.
A73: 4. New Hampshire expanded its Medicaid program by adopting the VIII Group on August 15, 2014
A74: 5. Pennsylvania expanded its Medicaid program by adopting the VIII Group on January 1, 2015.
A75: 6. Indiana expanded its Medicaid program by adopting the VIII Group on February 1, 2015
A76: 7. Virgin Island expanded its Medicaid program by adopting the VIII Group on June 1, 2015
A77: 8. Alaska expanded its Medicaid program by adopting the VIII Group on September 1, 2015.
A78: 9. Montana expanded its Medicaid program by adopting the VIII Group on January 1, 2016.
... A81: 12. Virginia expanded its Medicaid program by adopting the VIII Group on January 1, 2019.

Sheet May-2019
A1: Total Medicaid Enrollees - VIII Group Break Out Report
A2: May-2019
A3: Updated February 2020
A4: Reported on the CMS-64
A7: State | B7: Total Medicaid Enrollees | C7: Total VIII Group Enrollees | D7: Total VIII Group Newly Eligible Enrollees | E7: Total VIII Group Not Newly Eligible Enrollees
A8: Alabama | B8: 1033498 | C8: N/A | D8: N/A | E8: N/A
A9: Alaska | B9: 206036 | C9: 51347 | D9: 51330 | E9: 17
A10: Amer. Samoa * | B10: 37829 | C10: N/A | D10: N/A | E10: N/A
A11: Arizona | B11: 1871082 | C11: 425811 | D11: 107086 | E11: 318725
A12: Arkansas | B12: 822617 | C12: 249308 | D12: 248377 | E12: 931
A13: California | B13: 12611814 | C13: 3741920 | D13: 3732198 | E13: 9722
A14: Colorado | B14: 1235211 | C14: 379544 | D14: 372306 | E14: 7238
A15: Connecticut | B15: 955463 | C15: 267707 | D15: 243615 | E15: 24092
A16: Delaware | B16: 218326 | C16: 62429 | D16: 9542 | E16: 52887
A17: Dist. Of Col. | B17: 260350 | C17: 107478 | D17: 66313 | E17: 41165
A18: Florida | B18: 3800560 | C18: N/A | D18: N/A | E18: N/A
A19: Georgia | B19: 1965793 | C19: N/A | D19: N/A | E19: N/A
A20: Guam | B20: 35692 | C20: 4193 | D20: N/A | E20: 4193
A21: Hawaii | B21: 308739 | C21: 110089 | D21: 19919 | E21: 90170
A22: Idaho | B22: 298643 | C22: N/A | D22: N/A | E22: N/A
A23: Illinois | B23: 2592841 | C23: 661292 | D23: 553675 | E23: 107617
A24: Indiana | B24: 1323990 | C24: 313049 | D24: 313049 | E24: 0
A25: Iowa | B25: 605338 | C25: 172015 | D25: 157117 | E25: 14898
A26: Kansas | B26: 350174 | C26: N/A | D26: N/A | E26: N/A
A27: Kentucky | B27: 1290594 | C27: 450702 | D27: 450702 | E27: 0
A28: Louisiana | B28: 1618198 | C28: 468309 | D28: 468309 | E28: 0
A29: Maine | B29: 268056 | C29: 24824 | D29: 18981 | E29: 5843
A30: Maryland | B30: 1227887 | C30: 310074 | D30: 310074 | E30: 0
A31: Massachusetts | B31: 1452226 | C31: 335973 | D31: 0 | E31: 335973
A32: Michigan | B32: 2402672 | C32: 680631 | D32: 632048 | E32: 48583
A33: Minnesota | B33: 1060628 | C33: 190089 | D33: 189186 | E33: 903
A34: Mississippi | B34: 674961 | C34: N/A | D34: N/A | E34: N/A
A35: Missouri | B35: 858822 | C35: N/A | D35: N/A | E35: N/A
A36: Montana | B36: 255804 | C36: 97544 | D36: 97544 | E36: 0
A37: N. Mariana Islands | B37: 16446 | C37: N/A | D37: N/A | E37: N/A
A38: Nebraska | B38: 243894 | C38: N/A | D38: N/A | E38: N/A
A39: Nevada | B39: 588394 | C39: 210158 | D39: 210158 | E39: 0
A40: New Hampshire | B40: 182244 | C40: 52903 | D40: 52622 | E40: 281
A41: New Jersey | B41: 1604005 | C41: 531061 | D41: 531061 | E41: 0
A42: New Mexico | B42: 831546 | C42: 257784 | D42: 257784 | E42: 0
A43: New York | B43: 6102146 | C43: 1890873 | D43: 301778 | E43: 1589095
A44: North Carolina | B44: 2141148 | C44: N/A | D44: N/A | E44: N/A
A45: North Dakota | B45: 89590 | C45: 19908 | D45: 18981 | E45: 927
A46: Ohio | B46: 2808448 | C46: 546779 | D46: 546532 | E46: 247
A47: Oklahoma | B47: 642886 | C47: N/A | D47: N/A | E47: N/A
A48: Oregon | B48: 963477 | C48: 464391 | D48: 382716 | E48: 81675
A49: Pennsylvania | B49: 2859247 | C49: 771932 | D49: 732808 | E49: 39124
A50: Puerto Rico | B50: 1243952 | C50: 430749 | D50: N/A | E50: 430749
A51: Rhode Island | B51: 300737 | C51: 66236 | D51: 66236 | E51: 0
A52: South Carolina | B52: 1260731 | C52: N/A | D52: N/A | E52: N/A
A53: South Dakota | B53: 104691 | C53: N/A | D53: N/A | E53: N/A
A54: Tennessee | B54: 1584270 | C54: N/A | D54: N/A | E54: N/A
A55: Texas | B55: 4120865 | C55: N/A | D55: N/A | E55: N/A
A56: Utah | B56: 292719 | C56: N/A | D56: N/A | E56: N/A
A57: Vermont | B57: 168055 | C57: 55333 | D57: 0 | E57: 55333
A58: Virgin Islands | B58: 28835 | C58: 13376 | D58: N/A | E58: 13376
A59: Virginia | B59: 1502380 | C59: 271023 | D59: 271023 | E59: 0
A60: Washington | B60: 1727989 | C60: 550819 | D60: 536515 | E60: 14304
A61: West Virginia | B61: 522211 | C61: 161875 | D61: 161875 | E61: 0
A62: Wisconsin | B62: 1183194 | C62: N/A | D62: N/A | E62: N/A
A63: Wyoming | B63: 54910 | C63: N/A | D63: N/A | E63: N/A
A64: Totals | B64: =SUM(B8:B63) -> 74812854 | C64: =SUM(C8:C63) -> 15399528 | D64: =SUM(D8:D63) -> 12111460 | E64: =SUM(E8:E63) -> 3288068
A66: * Awaiting state reporting/enrollment reasonableness review in progress
A68: Notes:
A69: 1. “VIII GROUP” is also known as the “New Adult Group.”
A70: 2. The VIII Group is only applicable for states that have expanded their Medicaid programs by adopting the VIII Group. VIII Group enrollment information
A71: for the states that have not expanded their Medicaid program is noted as “N/A.”
A72: 3. Michigan expanded its Medicaid program by adopting the VIII Group on April 1, 2014.
A73: 4. New Hampshire expanded its Medicaid program by adopting the VIII Group on August 15, 2014
A74: 5. Pennsylvania expanded its Medicaid program by adopting the VIII Group on January 1, 2015.
A75: 6. Indiana expanded its Medicaid program by adopting the VIII Group on February 1, 2015
A76: 7. Virgin Island expanded its Medicaid program by adopting the VIII Group on June 1, 2015
A77: 8. Alaska expanded its Medicaid program by adopting the VIII Group on September 1, 2015.
A78: 9. Montana expanded its Medicaid program by adopting the VIII Group on January 1, 2016.
... A81: 12. Virginia expanded its Medicaid program by adopting the VIII Group on January 1, 2019.

Sheet June-2019
A1: Total Medicaid Enrollees - VIII Group Break Out Report
A2: June-2019
A3: Updated February 2020
A4: Reported on the CMS-64
A7: State | B7: Total Medicaid Enrollees | C7: Total VIII Group Enrollees | D7: Total VIII Group Newly Eligible Enrollees | E7: Total VIII Group Not Newly Eligible Enrollees
A8: Alabama | B8: 1035250 | C8: N/A | D8: N/A | E8: N/A
A9: Alaska | B9: 204493 | C9: 51172 | D9: 51157 | E9: 15
A10: Amer. Samoa * | B10: 37829 | C10: N/A | D10: N/A | E10: N/A
A11: Arizona | B11: 1861477 | C11: 423482 | D11: 105668 | E11: 317814
A12: Arkansas | B12: 825397 | C12: 250431 | D12: 249523 | E12: 908
A13: California | B13: 12437994 | C13: 3696925 | D13: 3684894 | E13: 12031
A14: Colorado | B14: 1234143 | C14: 380442 | D14: 373346 | E14: 7096
A15: Connecticut | B15: 952040 | C15: 267885 | D15: 243618 | E15: 24267
A16: Delaware | B16: 177665 | C16: 62488 | D16: 9547 | E16: 52941
A17: Dist. Of Col. | B17: 258517 | C17: 106551 | D17: 65573 | E17: 40978
A18: Florida | B18: 3771711 | C18: N/A | D18: N/A | E18: N/A
A19: Georgia | B19: 1962735 | C19: N/A | D19: N/A | E19: N/A
A20: Guam | B20: 35499 | C20: 4171 | D20: N/A | E20: 4171
A21: Hawaii | B21: 301359 | C21: 107314 | D21: 19235 | E21: 88079
A22: Idaho | B22: 298258 | C22: N/A | D22: N/A | E22: N/A
A23: Illinois | B23: 2566110 | C23: 655276 | D23: 547918 | E23: 107358
A24: Indiana | B24: 1307223 | C24: 309510 | D24: 309510 | E24: 0
A25: Iowa | B25: 604790 | C25: 172180 | D25: 157341 | E25: 14839
A26: Kansas | B26: 341484 | C26: N/A | D26: N/A | E26: N/A
A27: Kentucky | B27: 1289799 | C27: 450707 | D27: 450707 | E27: 0
A28: Louisiana | B28: 1577893 | C28: 460757 | D28: 460757 | E28: 0
A29: Maine | B29: 270006 | C29: 28462 | D29: 21514 | E29: 6948
A30: Maryland | B30: 1229390 | C30: 310031 | D30: 310031 | E30: 0
A31: Massachusetts | B31: 1455990 | C31: 336735 | D31: 0 | E31: 336735
A32: Michigan | B32: 2385506 | C32: 671648 | D32: 625194 | E32: 46454
A33: Minnesota | B33: 1040633 | C33: 185011 | D33: 184151 | E33: 860
A34: Mississippi | B34: 673247 | C34: N/A | D34: N/A | E34: N/A
A35: Missouri | B35: 847272 | C35: N/A | D35: N/A | E35: N/A
A36: Montana | B36: 252830 | C36: 95805 | D36: 95805 | E36: 0
A37: N. Mariana Islands | B37: 16336 | C37: N/A | D37: N/A | E37: N/A
A38: Nebraska | B38: 241856 | C38: N/A | D38: N/A | E38: N/A
A39: Nevada | B39: 586808 | C39: 209695 | D39: 209695 | E39: 0
A40: New Hampshire | B40: 180873 | C40: 52421 | D40: 52137 | E40: 284
A41: New Jersey | B41: 1570169 | C41: 518216 | D41: 518216 | E41: 0
A42: New Mexico | B42: 825498 | C42: 256424 | D42: 256424 | E42: 0
A43: New York | B43: 6067467 | C43: 1881383 | D43: 301405 | E43: 1579978
A44: North Carolina | B44: 2112241 | C44: N/A | D44: N/A | E44: N/A
A45: North Dakota | B45: 88829 | C45: 19692 | D45: 18765 | E45: 927
A46: Ohio | B46: 2763388 | C46: 526131 | D46: 525890 | E46: 241
A47: Oklahoma | B47: 639506 | C47: N/A | D47: N/A | E47: N/A
A48: Oregon | B48: 958178 | C48: 461989 | D48: 380236 | E48: 81753
A49: Pennsylvania | B49: 2848357 | C49: 765577 | D49: 726899 | E49: 38678
A50: Puerto Rico | B50: 1209026 | C50: 420575 | D50: N/A | E50: 420575
A51: Rhode Island | B51: 300970 | C51: 66686 | D51: 66686 | E51: 0
A52: South Carolina | B52: 1250545 | C52: N/A | D52: N/A | E52: N/A
A53: South Dakota | B53: 103998 | C53: N/A | D53: N/A | E53: N/A
A54: Tennessee | B54: 1586376 | C54: N/A | D54: N/A | E54: N/A
A55: Texas | B55: 4126343 | C55: N/A | D55: N/A | E55: N/A
A56: Utah | B56: 289310 | C56: N/A | D56: N/A | E56: N/A
A57: Vermont | B57: 166532 | C57: 54770 | D57: 0 | E57: 54770
A58: Virgin Islands | B58: 29033 | C58: 13514 | D58: N/A | E58: 13514
A59: Virginia | B59: 1531721 | C59: 284466 | D59: 284466 | E59: 0
A60: Washington | B60: 1728370 | C60: 549684 | D60: 535651 | E60: 14033
A61: West Virginia | B61: 520696 | C61: 161429 | D61: 161429 | E61: 0
A62: Wisconsin | B62: 1182357 | C62: N/A | D62: N/A | E62: N/A
A63: Wyoming | B63: 54259 | C63: N/A | D63: N/A | E63: N/A
A64: Totals | B64: =SUM(B8:B63) -> 74215582 | C64: =SUM(C8:C63) -> 15269635 | D64: =SUM(D8:D63) -> 12003388 | E64: =SUM(E8:E63) -> 3266247
A66: * Awaiting state reporting/enrollment reasonableness review in progress
A68: Notes:
A69: 1. “VIII GROUP” is also known as the “New Adult Group.”
A70: 2. The VIII Group is only applicable for states that have expanded their Medicaid programs by adopting the VIII Group. VIII Group enrollment information
A71: for the states that have not expanded their Medicaid program is noted as “N/A.”
A72: 3. Michigan expanded its Medicaid program by adopting the VIII Group on April 1, 2014.
A73: 4. New Hampshire expanded its Medicaid program by adopting the VIII Group on August 15, 2014
A74: 5. Pennsylvania expanded its Medicaid program by adopting the VIII Group on January 1, 2015.
A75: 6. Indiana expanded its Medicaid program by adopting the VIII Group on February 1, 2015
A76: 7. Virgin Island expanded its Medicaid program by adopting the VIII Group on June 1, 2015
A77: 8. Alaska expanded its Medicaid program by adopting the VIII Group on September 1, 2015.
A78: 9. Montana expanded its Medicaid program by adopting the VIII Group on January 1, 2016.
... A81: 12. Virginia expanded its Medicaid program by adopting the VIII Group on January 1, 2019.

Sheet July-2019
A1: Total Medicaid Enrollees - VIII Group Break Out Report
A2: July-2019
A3: Updated January 2021
A4: Reported on the CMS-64
A7: State | B7: Total Medicaid Enrollees | C7: Total VIII Group Enrollees | D7: Total VIII Group Newly Eligible Enrollees | E7: Total VIII Group Not Newly Eligible Enrollees
A8: Alabama | B8: 1039621 | C8: N/A | D8: N/A | E8: N/A
A9: Alaska | B9: 212689 | C9: 52827 | D9: 52825 | E9: 2
A10: Amer. Samoa | B10: 37829 | C10: N/A | D10: N/A | E10: N/A
A11: Arizona | B11: 1878446 | C11: 426398 | D11: 106815 | E11: 319583
A12: Arkansas | B12: 828694 | C12: 251909 | D12: 250980 | E12: 929
A13: California | B13: 12617496 | C13: 3748234 | D13: 3733554 | E13: 14680
A14: Colorado | B14: 1231471 | C14: 375957 | D14: 367859 | E14: 8098
A15: Connecticut | B15: 949434 | C15: 266955 | D15: 242723 | E15: 24232
A16: Delaware | B16: 214927 | C16: 63148 | D16: 9611 | E16: 53537
A17: Dist. Of Col. | B17: 263389 | C17: 109273 | D17: 67157 | E17: 42116
A18: Florida | B18: 3814296 | C18: N/A | D18: N/A | E18: N/A
A19: Georgia | B19: 1892562 | C19: N/A | D19: N/A | E19: N/A
A20: Guam | B20: 35524 | C20: 4166 | D20: N/A | E20: 4166
A21: Hawaii | B21: 310785 | C21: 110424 | D21: 19886 | E21: 90538
A22: Idaho | B22: 290902 | C22: 0 | D22: 0 | E22: 0
A23: Illinois | B23: 2680627 | C23: 685985 | D23: 577871 | E23: 108114
A24: Indiana | B24: 1336196 | C24: 310882 | D24: 310882 | E24: 0
A25: Iowa | B25: 605053 | C25: 172682 | D25: 157709 | E25: 14973
A26: Kansas | B26: 358081 | C26: N/A | D26: N/A | E26: N/A
A27: Kentucky | B27: 1288398 | C27: 451066 | D27: 451066 | E27: 0
A28: Louisiana | B28: 1610710 | C28: 467469 | D28: 467469 | E28: 0
A29: Maine | B29: 274242 | C29: 33001 | D29: 24837 | E29: 8164
A30: Maryland | B30: 1233962 | C30: 311534 | D30: 311534 | E30: 0
A31: Massachusetts | B31: 1731120 | C31: 342411 | D31: 0 | E31: 342411
A32: Michigan | B32: 2373597 | C32: 665811 | D32: 609473 | E32: 56338
A33: Minnesota | B33: 1071241 | C33: 191341 | D33: 190616 | E33: 725
A34: Mississippi | B34: 672198 | C34: N/A | D34: N/A | E34: N/A
A35: Missouri | B35: 839308 | C35: N/A | D35: N/A | E35: N/A
A36: Montana | B36: 253496 | C36: 95867 | D36: 95867 | E36: 0
A37: N. Mariana Islands | B37: 16559 | C37: N/A | D37: N/A | E37: N/A
A38: Nebraska | B38: 243927 | C38: N/A | D38: N/A | E38: N/A
A39: Nevada | B39: 588274 | C39: 210386 | D39: 210386 | E39: 0
A40: New Hampshire | B40: 180340 | C40: 51844 | D40: 51567 | E40: 277
A41: New Jersey | B41: 1618646 | C41: 533146 | D41: 533146 | E41: 0
A42: New Mexico | B42: 829459 | C42: 257816 | D42: 257816 | E42: 0
A43: New York | B43: 6122502 | C43: 1891636 | D43: 306498 | E43: 1585138
A44: North Carolina | B44: 2173467 | C44: N/A | D44: N/A | E44: N/A
A45: North Dakota | B45: 88613 | C45: 19542 | D45: 18650 | E45: 892
A46: Ohio | B46: 2836894 | C46: 627909 | D46: 627606 | E46: 303
A47: Oklahoma | B47: 646471 | C47: N/A | D47: N/A | E47: N/A
A48: Oregon | B48: 964910 | C48: 466446 | D48: 383698 | E48: 82748
A49: Pennsylvania | B49: 2854237 | C49: 774482 | D49: 735853 | E49: 38629
A50: Puerto Rico | B50: 1167065 | C50: 408694 | D50: N/A | E50: 408694
A51: Rhode Island | B51: 299031 | C51: 66694 | D51: 66694 | E51: 0
A52: South Carolina | B52: 1292939 | C52: N/A | D52: N/A | E52: N/A
A53: South Dakota | B53: 103962 | C53: N/A | D53: N/A | E53: N/A
A54: Tennessee | B54: 1599108 | C54: N/A | D54: N/A | E54: N/A
A55: Texas | B55: 4160192 | C55: N/A | D55: N/A | E55: N/A
A56: Utah | B56: 295272 | C56: 0 | D56: 0 | E56: 0
A57: Vermont | B57: 167070 | C57: 54664 | D57: 0 | E57: 54664
A58: Virgin Islands | B58: 29472 | C58: 13684 | D58: N/A | E58: 13684
A59: Virginia | B59: 1255630 | C59: 293565 | D59: 293565 | E59: 0
A60: Washington | B60: 1248491 | C60: 67689 | D60: 53601 | E60: 14088
A61: West Virginia | B61: 521524 | C61: 161715 | D61: 161715 | E61: 0
A62: Wisconsin | B62: 1183952 | C62: N/A | D62: N/A | E62: N/A
A63: Wyoming | B63: 54150 | C63: N/A | D63: N/A | E63: N/A
A64: Totals | B64: =SUM(B8:B63) -> 74488451 | C64: =SUM(C8:C63) -> 15037252 | D64: =SUM(D8:D63) -> 11749529 | E64: =SUM(E8:E63) -> 3287723
A66: * Awaiting state reporting/enrollment reasonableness review in progress
A68: Notes:
A69: 1. The “VIII GROUP” is also known as the “New Adult Group.”
A70: 2. The VIII Group is only applicable for states that have expanded their Medicaid programs by adopting the VIII Group. VIII Group expenditure information
A71: for the states that have not expanded their Medicaid program is noted as “N/A.”
A72: 3. Michigan expanded its Medicaid program by adopting the VIII Group on April 1, 2014.
A73: 4. New Hampshire expanded its Medicaid program by adopting the VIII Group on August 15, 2014.
A74: 5. Pennsylvania expanded its Medicaid program by adopting the VIII Group on January 1, 2015.
A75: 6. Indiana expanded its Medicaid program by adopting the VIII Group on February 1, 2015.
A76: 7. The Virgin Islands expanded its Medicaid program by adopting the VIII Group on June 1, 2015.
A77: 8. Alaska expanded its Medicaid program by adopting the VIII Group on September 1, 2015.
A78: 9. Montana expanded its Medicaid program by adopting the VIII Group on January 1, 2016.
... A83: 14. Utah expanded its Medicaid program by adopting VIII Group on January 1, 2020.

Sheet August-2019
A1: Total Medicaid Enrollees - VIII Group Break Out Report
A2: August-2019
A3: Updated January 2021
A4: Reported on the CMS-64
A7: State | B7: Total Medicaid Enrollees | C7: Total VIII Group Enrollees | D7: Total VIII Group Newly Eligible Enrollees | E7: Total VIII Group Not Newly Eligible Enrollees
A8: Alabama | B8: 1043767 | C8: N/A | D8: N/A | E8: N/A
A9: Alaska | B9: 213643 | C9: 53123 | D9: 53120 | E9: 3
A10: Amer. Samoa | B10: 37829 | C10: N/A | D10: N/A | E10: N/A
A11: Arizona | B11: 1888238 | C11: 430695 | D11: 107682 | E11: 323013
A12: Arkansas | B12: 830083 | C12: 253168 | D12: 252201 | E12: 967
A13: California | B13: 12593368 | C13: 3738516 | D13: 3722449 | E13: 16067
A14: Colorado | B14: 1230388 | C14: 378037 | D14: 370211 | E14: 7826
A15: Connecticut | B15: 952410 | C15: 268041 | D15: 243708 | E15: 24333
A16: Delaware | B16: 213738 | C16: 62546 | D16: 9515 | E16: 53031
A17: Dist. Of Col. | B17: 263605 | C17: 108784 | D17: 66837 | E17: 41947
A18: Florida | B18: 3800726 | C18: N/A | D18: N/A | E18: N/A
A19: Georgia | B19: 2027915 | C19: N/A | D19: N/A | E19: N/A
A20: Guam | B20: 35385 | C20: 4168 | D20: N/A | E20: 4168
A21: Hawaii | B21: 310623 | C21: 110223 | D21: 19872 | E21: 90351
A22: Idaho | B22: 285233 | C22: 0 | D22: 0 | E22: 0
A23: Illinois | B23: 2682054 | C23: 687746 | D23: 579871 | E23: 107875
A24: Indiana | B24: 1327863 | C24: 309264 | D24: 309264 | E24: 0
A25: Iowa | B25: 604398 | C25: 173062 | D25: 157854 | E25: 15208
A26: Kansas | B26: 359056 | C26: N/A | D26: N/A | E26: N/A
A27: Kentucky | B27: 1288645 | C27: 451480 | D27: 451480 | E27: 0
A28: Louisiana | B28: 1618143 | C28: 470125 | D28: 470125 | E28: 0
A29: Maine | B29: 277568 | C29: 38458 | D29: 28665 | E29: 9793
A30: Maryland | B30: 1239877 | C30: 312759 | D30: 312759 | E30: 0
A31: Massachusetts | B31: 1736721 | C31: 352927 | D31: 0 | E31: 352927
A32: Michigan | B32: 2374059 | C32: 662823 | D32: 609142 | E32: 53681
A33: Minnesota | B33: 1060208 | C33: 188113 | D33: 187320 | E33: 793
A34: Mississippi | B34: 672824 | C34: N/A | D34: N/A | E34: N/A
A35: Missouri | B35: 838406 | C35: N/A | D35: N/A | E35: N/A
A36: Montana | B36: 252012 | C36: 94674 | D36: 94674 | E36: 0
A37: N. Mariana Islands | B37: 16620 | C37: N/A | D37: N/A | E37: N/A
A38: Nebraska | B38: 237329 | C38: N/A | D38: N/A | E38: N/A
A39: Nevada | B39: 588123 | C39: 210184 | D39: 210184 | E39: 0
A40: New Hampshire | B40: 180680 | C40: 51773 | D40: 51491 | E40: 282
A41: New Jersey | B41: 1611421 | C41: 530959 | D41: 530959 | E41: 0
A42: New Mexico | B42: 829406 | C42: 258239 | D42: 258239 | E42: 0
A43: New York | B43: 6110966 | C43: 1887066 | D43: 306927 | E43: 1580139
A44: North Carolina | B44: 2174429 | C44: N/A | D44: N/A | E44: N/A
A45: North Dakota | B45: 90124 | C45: 20113 | D45: 19180 | E45: 933
A46: Ohio | B46: 2825907 | C46: 619740 | D46: 619427 | E46: 313
A47: Oklahoma | B47: 649492 | C47: N/A | D47: N/A | E47: N/A
A48: Oregon | B48: 962773 | C48: 465376 | D48: 382212 | E48: 83164
A49: Pennsylvania | B49: 2846489 | C49: 771330 | D49: 733047 | E49: 38283
A50: Puerto Rico | B50: 1158503 | C50: 405131 | D50: N/A | E50: 405131
A51: Rhode Island | B51: 299037 | C51: 67014 | D51: 67014 | E51: 0
A52: South Carolina | B52: 1292804 | C52: N/A | D52: N/A | E52: N/A
A53: South Dakota | B53: 103760 | C53: N/A | D53: N/A | E53: N/A
A54: Tennessee | B54: 1590700 | C54: N/A | D54: N/A | E54: N/A
A55: Texas | B55: 4164868 | C55: N/A | D55: N/A | E55: N/A
A56: Utah | B56: 296227 | C56: 0 | D56: 0 | E56: 0
A57: Vermont | B57: 166496 | C57: 54410 | D57: 0 | E57: 54410
A58: Virgin Islands | B58: 29689 | C58: 13814 | D58: N/A | E58: 13814
A59: Virginia | B59: 1265240 | C59: 303158 | D59: 303158 | E59: 0
A60: Washington | B60: 1727726 | C60: 549929 | D60: 535847 | E60: 14082
A61: West Virginia | B61: 521981 | C61: 161855 | D61: 161855 | E61: 0
A62: Wisconsin | B62: 1184360 | C62: N/A | D62: N/A | E62: N/A
A63: Wyoming | B63: 53525 | C63: N/A | D63: N/A | E63: N/A
A64: Totals | B64: =SUM(B8:B63) -> 75037460 | C64: =SUM(C8:C63) -> 15518823 | D64: =SUM(D8:D63) -> 12226289 | E64: =SUM(E8:E63) -> 3292534
A66: * Awaiting state reporting/enrollment reasonableness review in progress
A68: Notes:
A69: 1. The “VIII GROUP” is also known as the “New Adult Group.”
A70: 2. The VIII Group is only applicable for states that have expanded their Medicaid programs by adopting the VIII Group. VIII Group expenditure information
A71: for the states that have not expanded their Medicaid program is noted as “N/A.”
A72: 3. Michigan expanded its Medicaid program by adopting the VIII Group on April 1, 2014.
A73: 4. New Hampshire expanded its Medicaid program by adopting the VIII Group on August 15, 2014.
A74: 5. Pennsylvania expanded its Medicaid program by adopting the VIII Group on January 1, 2015.
A75: 6. Indiana expanded its Medicaid program by adopting the VIII Group on February 1, 2015.
A76: 7. The Virgin Islands expanded its Medicaid program by adopting the VIII Group on June 1, 2015.
A77: 8. Alaska expanded its Medicaid program by adopting the VIII Group on September 1, 2015.
A78: 9. Montana expanded its Medicaid program by adopting the VIII Group on January 1, 2016.
... A83: 14. Utah expanded its Medicaid program by adopting VIII Group on January 1, 2020.

Sheet September-2019
A1: Total Medicaid Enrollees - VIII Group Break Out Report
A2: September-2019
A3: Updated January 2021
A4: Reported on the CMS-64
A7: State | B7: Total Medicaid Enrollees | C7: Total VIII Group Enrollees | D7: Total VIII Group Newly Eligible Enrollees | E7: Total VIII Group Not Newly Eligible Enrollees
A8: Alabama | B8: 1046192 | C8: N/A | D8: N/A | E8: N/A
A9: Alaska | B9: 213560 | C9: 53172 | D9: 53169 | E9: 3
A10: Amer. Samoa | B10: 37829 | C10: N/A | D10: N/A | E10: N/A
A11: Arizona | B11: 1892992 | C11: 432744 | D11: 107328 | E11: 325416
A12: Arkansas | B12: 831542 | C12: 254212 | D12: 253286 | E12: 926
A13: California | B13: 12476326 | C13: 3709976 | D13: 3693220 | E13: 16756
A14: Colorado | B14: 1229180 | C14: 379745 | D14: 372024 | E14: 7721
A15: Connecticut | B15: 952522 | C15: 267903 | D15: 243463 | E15: 24440
A16: Delaware | B16: 212724 | C16: 62244 | D16: 9446 | E16: 52798
A17: Dist. Of Col. | B17: 260191 | C17: 107317 | D17: 66030 | E17: 41287
A18: Florida | B18: 3766588 | C18: N/A | D18: N/A | E18: N/A
A19: Georgia | B19: 2040303 | C19: N/A | D19: N/A | E19: N/A
A20: Guam | B20: 35248 | C20: 4138 | D20: N/A | E20: 4138
A21: Hawaii | B21: 310962 | C21: 110717 | D21: 19881 | E21: 90836
A22: Idaho | B22: 287072 | C22: 0 | D22: 0 | E22: 0
A23: Illinois | B23: 2674647 | C23: 687095 | D23: 579445 | E23: 107650
A24: Indiana | B24: 1315923 | C24: 307665 | D24: 307665 | E24: 0
A25: Iowa | B25: 605777 | C25: 173906 | D25: 158450 | E25: 15456
A26: Kansas | B26: 358368 | C26: N/A | D26: N/A | E26: N/A
A27: Kentucky | B27: 1283398 | C27: 450056 | D27: 450056 | E27: 0
A28: Louisiana | B28: 1618375 | C28: 470809 | D28: 470809 | E28: 0
A29: Maine | B29: 279740 | C29: 40911 | D29: 30343 | E29: 10568
A30: Maryland | B30: 1240041 | C30: 312137 | D30: 312137 | E30: 0
A31: Massachusetts | B31: 1714085 | C31: 343846 | D31: 0 | E31: 343846
A32: Michigan | B32: 2378653 | C32: 666110 | D32: 613099 | E32: 53011
A33: Minnesota | B33: 1040957 | C33: 183685 | D33: 182882 | E33: 803
A34: Mississippi | B34: 672711 | C34: N/A | D34: N/A | E34: N/A
A35: Missouri | B35: 839279 | C35: N/A | D35: N/A | E35: N/A
A36: Montana | B36: 250769 | C36: 93925 | D36: 93925 | E36: 0
A37: N. Mariana Islands | B37: 16484 | C37: N/A | D37: N/A | E37: N/A
A38: Nebraska | B38: 243571 | C38: N/A | D38: N/A | E38: N/A
A39: Nevada | B39: 587768 | C39: 210093 | D39: 210093 | E39: 0
A40: New Hampshire | B40: 180329 | C40: 51618 | D40: 51328 | E40: 290
A41: New Jersey | B41: 1608263 | C41: 529032 | D41: 529032 | E41: 0
A42: New Mexico | B42: 828524 | C42: 258689 | D42: 258689 | E42: 0
A43: New York | B43: 6089321 | C43: 1876748 | D43: 306182 | E43: 1570566
A44: North Carolina | B44: 2171305 | C44: N/A | D44: N/A | E44: N/A
A45: North Dakota | B45: 88139 | C45: 19474 | D45: 18558 | E45: 916
A46: Ohio | B46: 2815129 | C46: 610731 | D46: 610427 | E46: 304
A47: Oklahoma | B47: 641960 | C47: N/A | D47: N/A | E47: N/A
A48: Oregon | B48: 960448 | C48: 464564 | D48: 381358 | E48: 83206
A49: Pennsylvania | B49: 2832785 | C49: 762480 | D49: 724771 | E49: 37709
A50: Puerto Rico | B50: 1159060 | C50: 403986 | D50: N/A | E50: 403986
A51: Rhode Island | B51: 295625 | C51: 66134 | D51: 66134 | E51: 0
A52: South Carolina | B52: 1292858 | C52: N/A | D52: N/A | E52: N/A
A53: South Dakota | B53: 103385 | C53: N/A | D53: N/A | E53: N/A
A54: Tennessee | B54: 1581533 | C54: N/A | D54: N/A | E54: N/A
A55: Texas | B55: 4165233 | C55: N/A | D55: N/A | E55: N/A
A56: Utah | B56: 295028 | C56: 0 | D56: 0 | E56: 0
A57: Vermont | B57: 165424 | C57: 54047 | D57: 0 | E57: 54047
A58: Virgin Islands | B58: 29847 | C58: 13913 | D58: N/A | E58: 13913
A59: Virginia | B59: 1275873 | C59: 312626 | D59: 312626 | E59: 0
A60: Washington | B60: 2569226 | C60: 547912 | D60: 534210 | E60: 13702
A61: West Virginia | B61: 520402 | C61: 161115 | D61: 161115 | E61: 0
A62: Wisconsin | B62: 1187507 | C62: N/A | D62: N/A | E62: N/A
A63: Wyoming | B63: 54124 | C63: N/A | D63: N/A | E63: N/A
A64: Totals | B64: =SUM(B8:B63) -> 75625105 | C64: =SUM(C8:C63) -> 15455475 | D64: =SUM(D8:D63) -> 12181181 | E64: =SUM(E8:E63) -> 3274294
A66: * Awaiting state reporting/enrollment reasonableness review in progress
A68: Notes:
A69: 1. The “VIII GROUP” is also known as the “New Adult Group.”
A70: 2. The VIII Group is only applicable for states that have expanded their Medicaid programs by adopting the VIII Group. VIII Group expenditure information
A71: for the states that have not expanded their Medicaid program is noted as “N/A.”
A72: 3. Michigan expanded its Medicaid program by adopting the VIII Group on April 1, 2014.
A73: 4. New Hampshire expanded its Medicaid program by adopting the VIII Group on August 15, 2014.
A74: 5. Pennsylvania expanded its Medicaid program by adopting the VIII Group on January 1, 2015.
A75: 6. Indiana expanded its Medicaid program by adopting the VIII Group on February 1, 2015.
A76: 7. The Virgin Islands expanded its Medicaid program by adopting the VIII Group on June 1, 2015.
A77: 8. Alaska expanded its Medicaid program by adopting the VIII Group on September 1, 2015.
A78: 9. Montana expanded its Medicaid program by adopting the VIII Group on January 1, 2016.
... A83: 14. Utah expanded its Medicaid program by adopting VIII Group on January 1, 2020.

Sheet October-2019
A1: Total Medicaid Enrollees - VIII Group Break Out Report
A2: October-2019
A3: Updated January 2021
A4: Reported on the CMS-64
A7: State | B7: Total Medicaid Enrollees | C7: Total VIII Group Enrollees | D7: Total VIII Group Newly Eligible Enrollees | E7: Total VIII Group Not Newly Eligible Enrollees
A8: Alabama | B8: 1048875 | C8: N/A | D8: N/A | E8: N/A
A9: Alaska | B9: 213560 | C9: 53479 | D9: 53477 | E9: 2
A10: Amer. Samoa | B10: 35002 | C10: N/A | D10: N/A | E10: N/A
A11: Arizona | B11: 1892617 | C11: 434404 | D11: 107339 | E11: 327065
A12: Arkansas | B12: 834710 | C12: 255954 | D12: 255047 | E12: 907
A13: California | B13: 12533958 | C13: 3730683 | D13: 3713003 | E13: 17680
A14: Colorado | B14: 1221210 | C14: 379442 | D14: 371837 | E14: 7605
A15: Connecticut | B15: 948646 | C15: 266486 | D15: 241741 | E15: 24745
A16: Delaware | B16: 212362 | C16: 62296 | D16: 9415 | E16: 52881
A17: Dist. Of Col. | B17: 262638 | C17: 108244 | D17: 66670 | E17: 41574
A18: Florida | B18: 3798710 | C18: N/A | D18: N/A | E18: N/A
A19: Georgia | B19: 2041420 | C19: N/A | D19: N/A | E19: N/A
A20: Guam | B20: 35196 | C20: 4152 | D20: N/A | E20: 4152
A21: Hawaii | B21: 310264 | C21: 110409 | D21: 19778 | E21: 90631
A22: Idaho | B22: 290964 | C22: 0 | D22: 0 | E22: 0
A23: Illinois | B23: 2669618 | C23: 687325 | D23: 579976 | E23: 107349
A24: Indiana | B24: 1342124 | C24: 311234 | D24: 311234 | E24: 0
A25: Iowa | B25: 603603 | C25: 174029 | D25: 158514 | E25: 15515
A26: Kansas | B26: 357811 | C26: N/A | D26: N/A | E26: N/A
A27: Kentucky | B27: 1276893 | C27: 447249 | D27: 447249 | E27: 0
A28: Louisiana | B28: 1631168 | C28: 474016 | D28: 474016 | E28: 0
A29: Maine | B29: 282289 | C29: 44275 | D29: 32177 | E29: 12098
A30: Maryland | B30: 1244735 | C30: 312778 | D30: 312778 | E30: 0
A31: Massachusetts | B31: 1732612 | C31: 348153 | D31: 0 | E31: 348153
A32: Michigan | B32: 2381000 | C32: 668413 | D32: 615874 | E32: 52539
A33: Minnesota | B33: 1068532 | C33: 190069 | D33: 189228 | E33: 841
A34: Mississippi | B34: 674189 | C34: N/A | D34: N/A | E34: N/A
A35: Missouri | B35: 840625 | C35: N/A | D35: N/A | E35: N/A
A36: Montana | B36: 249961 | C36: 93556 | D36: 93556 | E36: 0
A37: N. Mariana Islands | B37: 15586 | C37: N/A | D37: N/A | E37: N/A
A38: Nebraska | B38: 238178 | C38: N/A | D38: N/A | E38: N/A
A39: Nevada | B39: 586954 | C39: 210398 | D39: 210398 | E39: 0
A40: New Hampshire | B40: 180170 | C40: 51602 | D40: 51321 | E40: 281
A41: New Jersey | B41: 1605514 | C41: 527577 | D41: 527577 | E41: 0
A42: New Mexico | B42: 832163 | C42: 260640 | D42: 260640 | E42: 0
A43: New York | B43: 6117057 | C43: 1876320 | D43: 307763 | E43: 1568557
A44: North Carolina | B44: 2169538 | C44: N/A | D44: N/A | E44: N/A
A45: North Dakota | B45: 88431 | C45: 19602 | D45: 18665 | E45: 937
A46: Ohio | B46: 2807044 | C46: 601487 | D46: 601198 | E46: 289
A47: Oklahoma | B47: 644485 | C47: N/A | D47: N/A | E47: N/A
A48: Oregon | B48: 969850 | C48: 470379 | D48: 385934 | E48: 84445
A49: Pennsylvania | B49: 2828339 | C49: 759685 | D49: 721993 | E49: 37692
A50: Puerto Rico | B50: 1176330 | C50: 403656 | D50: N/A | E50: 403656
A51: Rhode Island | B51: 295882 | C51: 66243 | D51: 66243 | E51: 0
A52: South Carolina | B52: 1290547 | C52: N/A | D52: N/A | E52: N/A
A53: South Dakota | B53: 103207 | C53: N/A | D53: N/A | E53: N/A
A54: Tennessee | B54: 1592720 | C54: N/A | D54: N/A | E54: N/A
A55: Texas | B55: 4167613 | C55: N/A | D55: N/A | E55: N/A
A56: Utah | B56: 294895 | C56: 0 | D56: 0 | E56: 0
A57: Vermont | B57: 164461 | C57: 53669 | D57: 0 | E57: 53669
A58: Virgin Islands | B58: 30239 | C58: 14051 | D58: N/A | E58: 14051
A59: Virginia | B59: 1288153 | C59: 323020 | D59: 323020 | E59: 0
A60: Washington | B60: 1728243 | C60: 550010 | D60: 536008 | E60: 14002
A61: West Virginia | B61: 520959 | C61: 161642 | D61: 161642 | E61: 0
A62: Wisconsin | B62: 1185552 | C62: N/A | D62: N/A | E62: N/A
A63: Wyoming | B63: 53957 | C63: N/A | D63: N/A | E63: N/A
A64: Totals | B64: =SUM(B8:B63) -> 75011359 | C64: =SUM(C8:C63) -> 15506627 | D64: =SUM(D8:D63) -> 12225311 | E64: =SUM(E8:E63) -> 3281316
A66: * Awaiting state reporting/enrollment reasonableness review in progress
A68: Notes:
A69: 1. The “VIII GROUP” is also known as the “New Adult Group.”
A70: 2. The VIII Group is only applicable for states that have expanded their Medicaid programs by adopting the VIII Group. VIII Group expenditure information
A71: for the states that have not expanded their Medicaid program is noted as “N/A.”
A72: 3. Michigan expanded its Medicaid program by adopting the VIII Group on April 1, 2014.
A73: 4. New Hampshire expanded its Medicaid program by adopting the VIII Group on August 15, 2014.
A74: 5. Pennsylvania expanded its Medicaid program by adopting the VIII Group on January 1, 2015.
A75: 6. Indiana expanded its Medicaid program by adopting the VIII Group on February 1, 2015.
A76: 7. The Virgin Islands expanded its Medicaid program by adopting the VIII Group on June 1, 2015.
A77: 8. Alaska expanded its Medicaid program by adopting the VIII Group on September 1, 2015.
A78: 9. Montana expanded its Medicaid program by adopting the VIII Group on January 1, 2016.
... A83: 14. Utah expanded its Medicaid program by adopting VIII Group on January 1, 2020.

Sheet November-2019
A1: Total Medicaid Enrollees - VIII Group Break Out Report
A2: November-2019
A3: Updated January 2021
A4: Reported on the CMS-64
A7: State | B7: Total Medicaid Enrollees | C7: Total VIII Group Enrollees | D7: Total VIII Group Newly Eligible Enrollees | E7: Total VIII Group Not Newly Eligible Enrollees
A8: Alabama | B8: 1048826 | C8: N/A | D8: N/A | E8: N/A
A9: Alaska | B9: 213889 | C9: 53931 | D9: 53929 | E9: 2
A10: Amer. Samoa | B10: 35002 | C10: N/A | D10: N/A | E10: N/A
A11: Arizona | B11: 1890880 | C11: 434823 | D11: 106810 | E11: 328013
A12: Arkansas | B12: 835235 | C12: 257348 | D12: 256435 | E12: 913
A13: California | B13: 12414191 | C13: 3691195 | D13: 3672208 | E13: 18987
A14: Colorado | B14: 1218150 | C14: 381126 | D14: 373414 | E14: 7712
A15: Connecticut | B15: 950278 | C15: 267592 | D15: 243127 | E15: 24465
A16: Delaware | B16: 212271 | C16: 62073 | D16: 9455 | E16: 52618
A17: Dist. Of Col. | B17: 263148 | C17: 108315 | D17: 66928 | E17: 41387
A18: Florida | B18: 3774396 | C18: N/A | D18: N/A | E18: N/A
A19: Georgia | B19: 2039912 | C19: N/A | D19: N/A | E19: N/A
A20: Guam | B20: 34768 | C20: 4097 | D20: N/A | E20: 4097
A21: Hawaii | B21: 309622 | C21: 110477 | D21: 19929 | E21: 90548
A22: Idaho | B22: 292239 | C22: 0 | D22: 0 | E22: 0
A23: Illinois | B23: 2659299 | C23: 686835 | D23: 579195 | E23: 107640
A24: Indiana | B24: 1329918 | C24: 311416 | D24: 311416 | E24: 0
A25: Iowa | B25: 602645 | C25: 175248 | D25: 159699 | E25: 15549
A26: Kansas | B26: 357725 | C26: N/A | D26: N/A | E26: N/A
A27: Kentucky | B27: 1267726 | C27: 441600 | D27: 441600 | E27: 0
A28: Louisiana | B28: 1606433 | C28: 464158 | D28: 464158 | E28: 0
A29: Maine | B29: 282752 | C29: 46609 | D29: 33899 | E29: 12710
A30: Maryland | B30: 1246079 | C30: 312116 | D30: 312116 | E30: 0
A31: Massachusetts | B31: 1702123 | C31: 340983 | D31: 0 | E31: 340983
A32: Michigan | B32: 2379783 | C32: 670324 | D32: 619735 | E32: 50589
A33: Minnesota | B33: 1053161 | C33: 186837 | D33: 186016 | E33: 821
A34: Mississippi | B34: 672341 | C34: N/A | D34: N/A | E34: N/A
A35: Missouri | B35: 838841 | C35: N/A | D35: N/A | E35: N/A
A36: Montana | B36: 248243 | C36: 93004 | D36: 93004 | E36: 0
A37: N. Mariana Islands | B37: 16261 | C37: N/A | D37: N/A | E37: N/A
A38: Nebraska | B38: 237908 | C38: N/A | D38: N/A | E38: N/A
A39: Nevada | B39: 582242 | C39: 209002 | D39: 209002 | E39: 0
A40: New Hampshire | B40: 180417 | C40: 52565 | D40: 52283 | E40: 282
A41: New Jersey | B41: 1607171 | C41: 532438 | D41: 532438 | E41: 0
A42: New Mexico | B42: 831402 | C42: 261882 | D42: 261882 | E42: 0
A43: New York | B43: 6081106 | C43: 1859164 | D43: 305710 | E43: 1553454
A44: North Carolina | B44: 2164822 | C44: N/A | D44: N/A | E44: N/A
A45: North Dakota | B45: 89483 | C45: 20207 | D45: 19238 | E45: 969
A46: Ohio | B46: 2782356 | C46: 594484 | D46: 594197 | E46: 287
A47: Oklahoma | B47: 641186 | C47: N/A | D47: N/A | E47: N/A
A48: Oregon | B48: 968223 | C48: 469903 | D48: 385771 | E48: 84132
A49: Pennsylvania | B49: 2825103 | C49: 757847 | D49: 720556 | E49: 37291
A50: Puerto Rico | B50: 1165633 | C50: 401271 | D50: N/A | E50: 401271
A51: Rhode Island | B51: 288974 | C51: 63716 | D51: 63716 | E51: 0
A52: South Carolina | B52: 1284595 | C52: N/A | D52: N/A | E52: N/A
A53: South Dakota | B53: 102766 | C53: N/A | D53: N/A | E53: N/A
A54: Tennessee | B54: 1582551 | C54: N/A | D54: N/A | E54: N/A
A55: Texas | B55: 4143053 | C55: N/A | D55: N/A | E55: N/A
A56: Utah | B56: 295255 | C56: 0 | D56: 0 | E56: 0
A57: Vermont | B57: 163573 | C57: 53310 | D57: 0 | E57: 53310
A58: Virgin Islands | B58: 30430 | C58: 14160 | D58: N/A | E58: 14160
A59: Virginia | B59: 1294491 | C59: 326870 | D59: 326870 | E59: 0
A60: Washington | B60: 1727578 | C60: 552394 | D60: 538549 | E60: 13845
A61: West Virginia | B61: 519049 | C61: 161416 | D61: 161416 | E61: 0
A62: Wisconsin | B62: 1183039 | C62: N/A | D62: N/A | E62: N/A
A63: Wyoming | B63: 53793 | C63: N/A | D63: N/A | E63: N/A
A64: Totals | B64: =SUM(B8:B63) -> 74622336 | C64: =SUM(C8:C63) -> 15430736 | D64: =SUM(D8:D63) -> 12174701 | E64: =SUM(E8:E63) -> 3256035
A66: * Awaiting state reporting/enrollment reasonableness review in progress
A68: Notes:
A69: 1. The “VIII GROUP” is also known as the “New Adult Group.”
A70: 2. The VIII Group is only applicable for states that have expanded their Medicaid programs by adopting the VIII Group. VIII Group expenditure information
A71: for the states that have not expanded their Medicaid program is noted as “N/A.”
A72: 3. Michigan expanded its Medicaid program by adopting the VIII Group on April 1, 2014.
A73: 4. New Hampshire expanded its Medicaid program by adopting the VIII Group on August 15, 2014.
A74: 5. Pennsylvania expanded its Medicaid program by adopting the VIII Group on January 1, 2015.
A75: 6. Indiana expanded its Medicaid program by adopting the VIII Group on February 1, 2015.
A76: 7. The Virgin Islands expanded its Medicaid program by adopting the VIII Group on June 1, 2015.
A77: 8. Alaska expanded its Medicaid program by adopting the VIII Group on September 1, 2015.
A78: 9. Montana expanded its Medicaid program by adopting the VIII Group on January 1, 2016.
... A83: 14. Utah expanded its Medicaid program by adopting VIII Group on January 1, 2020.

Sheet December-2019
A1: Total Medicaid Enrollees - VIII Group Break Out Report
A2: December-2019
A3: Updated January 2021
A4: Reported on the CMS-64
A7: State | B7: Total Medicaid Enrollees | C7: Total VIII Group Enrollees | D7: Total VIII Group Newly Eligible Enrollees | E7: Total VIII Group Not Newly Eligible Enrollees
A8: Alabama | B8: 1048624 | C8: N/A | D8: N/A | E8: N/A
A9: Alaska | B9: 214474 | C9: 54665 | D9: 54662 | E9: 3
A10: Amer. Samoa | B10: 35002 | C10: N/A | D10: N/A | E10: N/A
A11: Arizona | B11: 1884150 | C11: 434164 | D11: 106610 | E11: 327554
A12: Arkansas | B12: 835370 | C12: 259656 | D12: 258779 | E12: 877
A13: California | B13: 12227356 | C13: 3629320 | D13: 3609243 | E13: 20077
A14: Colorado | B14: 1212588 | C14: 380130 | D14: 372535 | E14: 7595
A15: Connecticut | B15: 956280 | C15: 270969 | D15: 246283 | E15: 24686
A16: Delaware | B16: 212146 | C16: 62078 | D16: 9531 | E16: 52547
A17: Dist. Of Col. | B17: 262775 | C17: 108753 | D17: 67340 | E17: 41413
A18: Florida | B18: 3739717 | C18: N/A | D18: N/A | E18: N/A
A19: Georgia | B19: 2035551 | C19: N/A | D19: N/A | E19: N/A
A20: Guam | B20: 34389 | C20: 4013 | D20: N/A | E20: 4013
A21: Hawaii | B21: 309262 | C21: 110688 | D21: 20061 | E21: 90627
A22: Idaho | B22: 291968 | C22: 0 | D22: 0 | E22: 0
A23: Illinois | B23: 2653924 | C23: 688602 | D23: 581206 | E23: 107396
A24: Indiana | B24: 1318948 | C24: 310992 | D24: 310992 | E24: 0
A25: Iowa | B25: 604168 | C25: 176527 | D25: 160837 | E25: 15690
A26: Kansas | B26: 358036 | C26: N/A | D26: N/A | E26: N/A
A27: Kentucky | B27: 1260844 | C27: 440673 | D27: 440673 | E27: 0
A28: Louisiana | B28: 1581072 | C28: 468539 | D28: 468539 | E28: 0
A29: Maine | B29: 283009 | C29: 48660 | D29: 35673 | E29: 12987
A30: Maryland | B30: 1245534 | C30: 311298 | D30: 311298 | E30: 0
A31: Massachusetts | B31: 1685220 | C31: 336415 | D31: 0 | E31: 336415
A32: Michigan | B32: 2391528 | C32: 678910 | D32: 628152 | E32: 50758
A33: Minnesota | B33: 1033487 | C33: 183358 | D33: 182798 | E33: 560
A34: Mississippi | B34: 670013 | C34: N/A | D34: N/A | E34: N/A
A35: Missouri | B35: 833214 | C35: N/A | D35: N/A | E35: N/A
A36: Montana | B36: 246051 | C36: 92050 | D36: 92050 | E36: 0
A37: N. Mariana Islands | B37: 16485 | C37: N/A | D37: N/A | E37: N/A
A38: Nebraska | B38: 236655 | C38: N/A | D38: N/A | E38: N/A
A39: Nevada | B39: 582213 | C39: 209440 | D39: 209440 | E39: 0
A40: New Hampshire | B40: 182328 | C40: 54056 | D40: 53770 | E40: 286
A41: New Jersey | B41: 1602059 | C41: 532712 | D41: 532712 | E41: 0
A42: New Mexico | B42: 829475 | C42: 262758 | D42: 262758 | E42: 0
A43: New York | B43: 6062348 | C43: 1853013 | D43: 305619 | E43: 1547394
A44: North Carolina | B44: 2161348 | C44: N/A | D44: N/A | E44: N/A
A45: North Dakota | B45: 88055 | C45: 19747 | D45: 18808 | E45: 939
A46: Ohio | B46: 2773266 | C46: 590346 | D46: 590054 | E46: 292
A47: Oklahoma | B47: 632428 | C47: N/A | D47: N/A | E47: N/A
A48: Oregon | B48: 966536 | C48: 470154 | D48: 386188 | E48: 83966
A49: Pennsylvania | B49: 2828468 | C49: 761146 | D49: 723721 | E49: 37425
A50: Puerto Rico | B50: 1160750 | C50: 400997 | D50: N/A | E50: 400997
A51: Rhode Island | B51: 288686 | C51: 63878 | D51: 63878 | E51: 0
A52: South Carolina | B52: 1276521 | C52: N/A | D52: N/A | E52: N/A
A53: South Dakota | B53: 102372 | C53: N/A | D53: N/A | E53: N/A
A54: Tennessee | B54: 1568950 | C54: N/A | D54: N/A | E54: N/A
A55: Texas | B55: 4140124 | C55: N/A | D55: N/A | E55: N/A
A56: Utah | B56: 295804 | C56: 0 | D56: 0 | E56: 0
A57: Vermont | B57: 163672 | C57: 53591 | D57: 0 | E57: 53591
A58: Virgin Islands | B58: 30569 | C58: 14237 | D58: N/A | E58: 14237
A59: Virginia | B59: 1313429 | C59: 343047 | D59: 343047 | E59: 0
A60: Washington | B60: 1731143 | C60: 557890 | D60: 543964 | E60: 13926
A61: West Virginia | B61: 518356 | C61: 161231 | D61: 161231 | E61: 0
A62: Wisconsin | B62: 1183923 | C62: N/A | D62: N/A | E62: N/A
A63: Wyoming | B63: 54231 | C63: N/A | D63: N/A | E63: N/A
A64: Totals | B64: =SUM(B8:B63) -> 74254894 | C64: =SUM(C8:C63) -> 15398703 | D64: =SUM(D8:D63) -> 12152452 | E64: =SUM(E8:E63) -> 3246251
A66: * Awaiting state reporting/enrollment reasonableness review in progress
A68: Notes:
A69: 1. The “VIII GROUP” is also known as the “New Adult Group.”
A70: 2. The VIII Group is only applicable for states that have expanded their Medicaid programs by adopting the VIII Group. VIII Group expenditure information
A71: for the states that have not expanded their Medicaid program is noted as “N/A.”
A72: 3. Michigan expanded its Medicaid program by adopting the VIII Group on April 1, 2014.
A73: 4. New Hampshire expanded its Medicaid program by adopting the VIII Group on August 15, 2014.
A74: 5. Pennsylvania expanded its Medicaid program by adopting the VIII Group on January 1, 2015.
A75: 6. Indiana expanded its Medicaid program by adopting the VIII Group on February 1, 2015.
A76: 7. The Virgin Islands expanded its Medicaid program by adopting the VIII Group on June 1, 2015.
A77: 8. Alaska expanded its Medicaid program by adopting the VIII Group on September 1, 2015.
A78: 9. Montana expanded its Medicaid program by adopting the VIII Group on January 1, 2016.
... A83: 14. Utah expanded its Medicaid program by adopting VIII Group on January 1, 2020.

Sheet January-2020
A1: Total Medicaid Enrollees - VIII Group Break Out Report
A2: January-2020
A3: Updated January 2021
A4: Reported on the CMS-64
A7: State | B7: Total Medicaid Enrollees | C7: Total VIII Group Enrollees | D7: Total VIII Group Newly Eligible Enrollees | E7: Total VIII Group Not Newly Eligible Enrollees
A8: Alabama | B8: 1052527 | C8: N/A | D8: N/A | E8: N/A
A9: Alaska | B9: 215070 | C9: 54991 | D9: 54988 | E9: 3
A10: Amer. Samoa | B10: 35002 | C10: N/A | D10: N/A | E10: N/A
A11: Arizona | B11: 1874047 | C11: 432349 | D11: 106010 | E11: 326339
A12: Arkansas | B12: 836699 | C12: 260901 | D12: 260040 | E12: 861
A13: California | B13: 12369407 | C13: 3666116 | D13: 3643990 | E13: 22126
A14: Colorado | B14: 1203153 | C14: 375125 | D14: 367794 | E14: 7331
A15: Connecticut | B15: 954441 | C15: 269159 | D15: 244321 | E15: 24838
A16: Delaware | B16: 212535 | C16: 62429 | D16: 9662 | E16: 52767
A17: Dist. Of Col. | B17: 262654 | C17: 108206 | D17: 66942 | E17: 41264
A18: Florida | B18: 3779728 | C18: N/A | D18: N/A | E18: N/A
A19: Georgia | B19: 2048712 | C19: N/A | D19: N/A | E19: N/A
A20: Guam | B20: 34489 | C20: 4001 | D20: N/A | E20: 4001
A21: Hawaii | B21: 308541 | C21: 110602 | D21: 19928 | E21: 90674
A22: Idaho | B22: 336747 | C22: 58566 | D22: 58566 | E22: 0
A23: Illinois | B23: 2650586 | C23: 686576 | D23: 578685 | E23: 107891
A24: Indiana | B24: 1353191 | C24: 317012 | D24: 317012 | E24: 0
A25: Iowa | B25: 600548 | C25: 175823 | D25: 159864 | E25: 15959
A26: Kansas | B26: 358102 | C26: N/A | D26: N/A | E26: N/A
A27: Kentucky | B27: 1257584 | C27: 440202 | D27: 440202 | E27: 0
A28: Louisiana | B28: 1631986 | C28: 492750 | D28: 492750 | E28: 0
A29: Maine | B29: 283861 | C29: 49123 | D29: 36955 | E29: 12168
A30: Maryland | B30: 1248618 | C30: 311202 | D30: 311202 | E30: 0
A31: Massachusetts | B31: 1710888 | C31: 342394 | D31: 0 | E31: 342394
A32: Michigan | B32: 2405918 | C32: 685167 | D32: 634754 | E32: 50413
A33: Minnesota | B33: 1067491 | C33: 189830 | D33: 189161 | E33: 669
A34: Mississippi | B34: 671581 | C34: N/A | D34: N/A | E34: N/A
A35: Missouri | B35: 832892 | C35: N/A | D35: N/A | E35: N/A
A36: Montana | B36: 244432 | C36: 91133 | D36: 91133 | E36: 0
A37: N. Mariana Islands | B37: 15970 | C37: N/A | D37: N/A | E37: N/A
A38: Nebraska | B38: 238589 | C38: N/A | D38: N/A | E38: N/A
A39: Nevada | B39: 582645 | C39: 209687 | D39: 209687 | E39: 0
A40: New Hampshire | B40: 182959 | C40: 54291 | D40: 54018 | E40: 273
A41: New Jersey | B41: 1599594 | C41: 531848 | D41: 531848 | E41: 0
A42: New Mexico | B42: 834667 | C42: 265364 | D42: 265364 | E42: 0
A43: New York | B43: 6068726 | C43: 1857240 | D43: 307483 | E43: 1549757
A44: North Carolina | B44: 2158750 | C44: N/A | D44: N/A | E44: N/A
A45: North Dakota | B45: 90795 | C45: 20746 | D45: 19748 | E45: 998
A46: Ohio | B46: 2769655 | C46: 584940 | D46: 584646 | E46: 294
A47: Oklahoma | B47: 637139 | C47: N/A | D47: N/A | E47: N/A
A48: Oregon | B48: 979207 | C48: 478133 | D48: 392876 | E48: 85257
A49: Pennsylvania | B49: 2831946 | C49: 764171 | D49: 726439 | E49: 37732
A50: Puerto Rico | B50: 1155487 | C50: 401358 | D50: N/A | E50: 401358
A51: Rhode Island | B51: 290100 | C51: 64419 | D51: 64419 | E51: 0
A52: South Carolina | B52: 1270303 | C52: N/A | D52: N/A | E52: N/A
A53: South Dakota | B53: 102784 | C53: N/A | D53: N/A | E53: N/A
A54: Tennessee | B54: 1597918 | C54: N/A | D54: N/A | E54: N/A
A55: Texas | B55: 4155511 | C55: N/A | D55: N/A | E55: N/A
A56: Utah | B56: 299318 | C56: 46325 | D56: 45582 | E56: 743
A57: Vermont | B57: 163696 | C57: 53963 | D57: 0 | E57: 53963
A58: Virgin Islands | B58: 30818 | C58: 14400 | D58: N/A | E58: 14400
A59: Virginia | B59: 1346849 | C59: 372098 | D59: 372098 | E59: 0
A60: Washington | B60: 1730774 | C60: 556947 | D60: 542599 | E60: 14348
A61: West Virginia | B61: 518475 | C61: 162449 | D61: 162449 | E61: 0
A62: Wisconsin | B62: 1184182 | C62: N/A | D62: N/A | E62: N/A
A63: Wyoming | B63: 54269 | C63: N/A | D63: N/A | E63: N/A
A64: Totals | B64: =SUM(B8:B63) -> 74732556 | C64: =SUM(C8:C63) -> 15622036 | D64: =SUM(D8:D63) -> 12363215 | E64: =SUM(E8:E63) -> 3258821
A66: * Awaiting state reporting/enrollment reasonableness review in progress
A68: Notes:
A69: 1. The “VIII GROUP” is also known as the “New Adult Group.”
A70: 2. The VIII Group is only applicable for states that have expanded their Medicaid programs by adopting the VIII Group. VIII Group expenditure information
A71: for the states that have not expanded their Medicaid program is noted as “N/A.”
A72: 3. Michigan expanded its Medicaid program by adopting the VIII Group on April 1, 2014.
A73: 4. New Hampshire expanded its Medicaid program by adopting the VIII Group on August 15, 2014.
A74: 5. Pennsylvania expanded its Medicaid program by adopting the VIII Group on January 1, 2015.
A75: 6. Indiana expanded its Medicaid program by adopting the VIII Group on February 1, 2015.
A76: 7. The Virgin Islands expanded its Medicaid program by adopting the VIII Group on June 1, 2015.
A77: 8. Alaska expanded its Medicaid program by adopting the VIII Group on September 1, 2015.
A78: 9. Montana expanded its Medicaid program by adopting the VIII Group on January 1, 2016.
... A83: 14. Utah expanded its Medicaid program by adopting VIII Group on January 1, 2020.

Sheet February-2020
A1: Total Medicaid Enrollees - VIII Group Break Out Report
A2: February-2020
A3: Updated January 2021
A4: Reported on the CMS-64
A7: State | B7: Total Medicaid Enrollees | C7: Total VIII Group Enrollees | D7: Total VIII Group Newly Eligible Enrollees | E7: Total VIII Group Not Newly Eligible Enrollees
A8: Alabama | B8: 1053681 | C8: N/A | D8: N/A | E8: N/A
A9: Alaska | B9: 215116 | C9: 55192 | D9: 55185 | E9: 7
A10: Amer. Samoa | B10: 35002 | C10: N/A | D10: N/A | E10: N/A
A11: Arizona | B11: 1869056 | C11: 432127 | D11: 104906 | E11: 327221
A12: Arkansas | B12: 831894 | C12: 258647 | D12: 257797 | E12: 850
A13: California | B13: 12251774 | C13: 3622935 | D13: 3599792 | E13: 23143
A14: Colorado | B14: 1198307 | C14: 374920 | D14: 367514 | E14: 7406
A15: Connecticut | B15: 954970 | C15: 268784 | D15: 243847 | E15: 24937
A16: Delaware | B16: 213312 | C16: 62743 | D16: 9702 | E16: 53041
A17: Dist. Of Col. | B17: 251641 | C17: 101445 | D17: 63104 | E17: 38341
A18: Florida | B18: 3757042 | C18: N/A | D18: N/A | E18: N/A
A19: Georgia | B19: 2038164 | C19: N/A | D19: N/A | E19: N/A
A20: Guam | B20: 34190 | C20: 3947 | D20: N/A | E20: 3947
A21: Hawaii | B21: 307367 | C21: 110151 | D21: 19690 | E21: 90461
A22: Idaho | B22: 342379 | C22: 61613 | D22: 61613 | E22: 0
A23: Illinois | B23: 2638924 | C23: 684331 | D23: 577335 | E23: 106996
A24: Indiana | B24: 1353191 | C24: 323012 | D24: 323012 | E24: 0
A25: Iowa | B25: 599764 | C25: 175680 | D25: 160093 | E25: 15587
A26: Kansas | B26: 355796 | C26: N/A | D26: N/A | E26: N/A
A27: Kentucky | B27: 1258173 | C27: 439965 | D27: 439965 | E27: 0
A28: Louisiana | B28: 1618926 | C28: 479107 | D28: 479107 | E28: 0
A29: Maine | B29: 284621 | C29: 49504 | D29: 37481 | E29: 12023
A30: Maryland | B30: 1252460 | C30: 311874 | D30: 311874 | E30: 0
A31: Massachusetts | B31: 1693087 | C31: 330481 | D31: 0 | E31: 330481
A32: Michigan | B32: 2404312 | C32: 684039 | D32: 636337 | E32: 47702
A33: Minnesota | B33: 1057545 | C33: 187800 | D33: 187030 | E33: 770
A34: Mississippi | B34: 671258 | C34: N/A | D34: N/A | E34: N/A
A35: Missouri | B35: 834430 | C35: N/A | D35: N/A | E35: N/A
A36: Montana | B36: 239252 | C36: 88550 | D36: 88550 | E36: 0
A37: N. Mariana Islands | B37: 16476 | C37: N/A | D37: N/A | E37: N/A
A38: Nebraska | B38: 239083 | C38: N/A | D38: N/A | E38: N/A
A39: Nevada | B39: 581038 | C39: 208806 | D39: 208806 | E39: 0
A40: New Hampshire | B40: 181751 | C40: 53939 | D40: 53667 | E40: 272
A41: New Jersey | B41: 1593553 | C41: 528565 | D41: 528565 | E41: 0
A42: New Mexico | B42: 833939 | C42: 265559 | D42: 265559 | E42: 0
A43: New York | B43: 6059971 | C43: 1856298 | D43: 308174 | E43: 1548124
A44: North Carolina | B44: 2153000 | C44: N/A | D44: N/A | E44: N/A
A45: North Dakota | B45: 90038 | C45: 20396 | D45: 19410 | E45: 986
A46: Ohio | B46: 2756472 | C46: 578807 | D46: 578516 | E46: 291
A47: Oklahoma | B47: 634873 | C47: N/A | D47: N/A | E47: N/A
A48: Oregon | B48: 978729 | C48: 478093 | D48: 392861 | E48: 85232
A49: Pennsylvania | B49: 2829830 | C49: 764255 | D49: 726206 | E49: 38049
A50: Puerto Rico | B50: 1153937 | C50: 401981 | D50: N/A | E50: 401981
A51: Rhode Island | B51: 286177 | C51: 63214 | D51: 63214 | E51: 0
A52: South Carolina | B52: 1264182 | C52: N/A | D52: N/A | E52: N/A
A53: South Dakota | B53: 103113 | C53: N/A | D53: N/A | E53: N/A
A54: Tennessee | B54: 1590345 | C54: N/A | D54: N/A | E54: N/A
A55: Texas | B55: 4147182 | C55: N/A | D55: N/A | E55: N/A
A56: Utah | B56: 300013 | C56: 47999 | D56: 47259 | E56: 740
A57: Vermont | B57: 163155 | C57: 53983 | D57: 0 | E57: 53983
A58: Virgin Islands | B58: 30971 | C58: 14481 | D58: N/A | E58: 14481
A59: Virginia | B59: 1357183 | C59: 381927 | D59: 381927 | E59: 0
A60: Washington | B60: 1724834 | C60: 554982 | D60: 540499 | E60: 14483
A61: West Virginia | B61: 519303 | C61: 162324 | D61: 162324 | E61: 0
A62: Wisconsin | B62: 1185037 | C62: N/A | D62: N/A | E62: N/A
A63: Wyoming | B63: 54069 | C63: N/A | D63: N/A | E63: N/A
A64: Totals | B64: =SUM(B8:B63) -> 74443888 | C64: =SUM(C8:C63) -> 15542456 | D64: =SUM(D8:D63) -> 12300921 | E64: =SUM(E8:E63) -> 3241535
A66: * Awaiting state reporting/enrollment reasonableness review in progress
A68: Notes:
A69: 1. The “VIII GROUP” is also known as the “New Adult Group.”
A70: 2. The VIII Group is only applicable for states that have expanded their Medicaid programs by adopting the VIII Group. VIII Group expenditure information
A71: for the states that have not expanded their Medicaid program is noted as “N/A.”
A72: 3. Michigan expanded its Medicaid program by adopting the VIII Group on April 1, 2014.
A73: 4. New Hampshire expanded its Medicaid program by adopting the VIII Group on August 15, 2014.
A74: 5. Pennsylvania expanded its Medicaid program by adopting the VIII Group on January 1, 2015.
A75: 6. Indiana expanded its Medicaid program by adopting the VIII Group on February 1, 2015.
A76: 7. The Virgin Islands expanded its Medicaid program by adopting the VIII Group on June 1, 2015.
A77: 8. Alaska expanded its Medicaid program by adopting the VIII Group on September 1, 2015.
A78: 9. Montana expanded its Medicaid program by adopting the VIII Group on January 1, 2016.
... A83: 14. Utah expanded its Medicaid program by adopting VIII Group on January 1, 2020.

Sheet March-2020
A1: Total Medicaid Enrollees - VIII Group Break Out Report
A2: March-2020
A3: Updated January 2021
A4: Reported on the CMS-64
A7: State | B7: Total Medicaid Enrollees | C7: Total VIII Group Enrollees | D7: Total VIII Group Newly Eligible Enrollees | E7: Total VIII Group Not Newly Eligible Enrollees
A8: Alabama | B8: 1054155 | C8: N/A | D8: N/A | E8: N/A
A9: Alaska | B9: 215774 | C9: 55753 | D9: 55746 | E9: 7
A10: Amer. Samoa | B10: 35002 | C10: N/A | D10: N/A | E10: N/A
A11: Arizona | B11: 1877209 | C11: 437132 | D11: 105444 | E11: 331688
A12: Arkansas | B12: 829713 | C12: 258175 | D12: 257349 | E12: 826
A13: California | B13: 12033113 | C13: 3552016 | D13: 3528197 | E13: 23819
A14: Colorado | B14: 1194449 | C14: 371796 | D14: 364566 | E14: 7230
A15: Connecticut | B15: 952488 | C15: 267129 | D15: 242080 | E15: 25049
A16: Delaware | B16: 213664 | C16: 62896 | D16: 9558 | E16: 53338
A17: Dist. Of Col. | B17: 253594 | C17: 102354 | D17: 63450 | E17: 38904
A18: Florida | B18: 3722742 | C18: N/A | D18: N/A | E18: N/A
A19: Georgia | B19: 2025819 | C19: N/A | D19: N/A | E19: N/A
A20: Guam | B20: 33607 | C20: 3843 | D20: N/A | E20: 3843
A21: Hawaii | B21: 309968 | C21: 112076 | D21: 19986 | E21: 92090
A22: Idaho | B22: 348389 | C22: 64662 | D22: 64662 | E22: 0
A23: Illinois | B23: 2644815 | C23: 684423 | D23: 578327 | E23: 106096
A24: Indiana | B24: 1359758 | C24: 336812 | D24: 336812 | E24: 0
A25: Iowa | B25: 602417 | C25: 176903 | D25: 161639 | E25: 15264
A26: Kansas | B26: 355805 | C26: N/A | D26: N/A | E26: N/A
A27: Kentucky | B27: 1275868 | C27: 447391 | D27: 447391 | E27: 0
A28: Louisiana | B28: 1616933 | C28: 484532 | D28: 484532 | E28: 0
A29: Maine | B29: 289016 | C29: 51632 | D29: 39367 | E29: 12265
A30: Maryland | B30: 1258254 | C30: 314955 | D30: 314955 | E30: 0
A31: Massachusetts | B31: 1707448 | C31: 341139 | D31: 0 | E31: 341139
A32: Michigan | B32: 2421538 | C32: 691982 | D32: 646014 | E32: 45968
A33: Minnesota | B33: 1044506 | C33: 185813 | D33: 185056 | E33: 757
A34: Mississippi | B34: 670300 | C34: N/A | D34: N/A | E34: N/A
A35: Missouri | B35: 846577 | C35: N/A | D35: N/A | E35: N/A
A36: Montana | B36: 236749 | C36: 87425 | D36: 87425 | E36: 0
A37: N. Mariana Islands | B37: 16861 | C37: N/A | D37: N/A | E37: N/A
A38: Nebraska | B38: 238922 | C38: N/A | D38: N/A | E38: N/A
A39: Nevada | B39: 583234 | C39: 210538 | D39: 210538 | E39: 0
A40: New Hampshire | B40: 183234 | C40: 54902 | D40: 54623 | E40: 279
A41: New Jersey | B41: 1589121 | C41: 527959 | D41: 527959 | E41: 0
A42: New Mexico | B42: 831724 | C42: 264036 | D42: 264036 | E42: 0
A43: New York | B43: 6069271 | C43: 1868886 | D43: 311048 | E43: 1557838
A44: North Carolina | B44: 2149751 | C44: N/A | D44: N/A | E44: N/A
A45: North Dakota | B45: 89102 | C45: 19814 | D45: 18846 | E45: 968
A46: Ohio | B46: 2746541 | C46: 565498 | D46: 565205 | E46: 293
A47: Oklahoma | B47: 657059 | C47: N/A | D47: N/A | E47: N/A
A48: Oregon | B48: 979915 | C48: 480418 | D48: 395374 | E48: 85044
A49: Pennsylvania | B49: 2837782 | C49: 769508 | D49: 731135 | E49: 38373
A50: Puerto Rico | B50: 1145450 | C50: 400052 | D50: N/A | E50: 400052
A51: Rhode Island | B51: 288154 | C51: 64223 | D51: 64223 | E51: 0
A52: South Carolina | B52: 1256038 | C52: N/A | D52: N/A | E52: N/A
A53: South Dakota | B53: 102861 | C53: N/A | D53: N/A | E53: N/A
A54: Tennessee | B54: 1575073 | C54: N/A | D54: N/A | E54: N/A
A55: Texas | B55: 4158007 | C55: N/A | D55: N/A | E55: N/A
A56: Utah | B56: 302259 | C56: 50240 | D56: 49544 | E56: 696
A57: Vermont | B57: 165180 | C57: 55609 | D57: 0 | E57: 55609
A58: Virgin Islands | B58: 31079 | C58: 14552 | D58: N/A | E58: 14552
A59: Virginia | B59: 1363807 | C59: 386989 | D59: 386989 | E59: 0
A60: Washington | B60: 1727581 | C60: 560016 | D60: 545629 | E60: 14387
A61: West Virginia | B61: 516523 | C61: 161759 | D61: 161759 | E61: 0
A62: Wisconsin | B62: 1186989 | C62: N/A | D62: N/A | E62: N/A
A63: Wyoming | B63: 54765 | C63: N/A | D63: N/A | E63: N/A
A64: Totals | B64: =SUM(B8:B63) -> 74275953 | C64: =SUM(C8:C63) -> 15545838 | D64: =SUM(D8:D63) -> 12279464 | E64: =SUM(E8:E63) -> 3266374
A66: * Awaiting state reporting/enrollment reasonableness review in progress
A68: Notes:
A69: 1. The “VIII GROUP” is also known as the “New Adult Group.”
A70: 2. The VIII Group is only applicable for states that have expanded their Medicaid programs by adopting the VIII Group. VIII Group expenditure information
A71: for the states that have not expanded their Medicaid program is noted as “N/A.”
A72: 3. Michigan expanded its Medicaid program by adopting the VIII Group on April 1, 2014.
A73: 4. New Hampshire expanded its Medicaid program by adopting the VIII Group on August 15, 2014.
A74: 5. Pennsylvania expanded its Medicaid program by adopting the VIII Group on January 1, 2015.
A75: 6. Indiana expanded its Medicaid program by adopting the VIII Group on February 1, 2015.
A76: 7. The Virgin Islands expanded its Medicaid program by adopting the VIII Group on June 1, 2015.
A77: 8. Alaska expanded its Medicaid program by adopting the VIII Group on September 1, 2015.
A78: 9. Montana expanded its Medicaid program by adopting the VIII Group on January 1, 2016.
... A83: 14. Utah expanded its Medicaid program by adopting VIII Group on January 1, 2020.

Sheet April-2020
A1: Total Medicaid Enrollees - VIII Group Break Out Report
A2: April-2020
A3: Updated May 2021
A4: Reported on the CMS-64
A7: State | B7: Total Medicaid Enrollees | C7: Total VIII Group Enrollees | D7: Total VIII Group Newly Eligible Enrollees | E7: Total VIII Group Not Newly Eligible Enrollees
A8: Alabama | B8: 1063729 | C8: N/A | D8: N/A | E8: N/A
A9: Alaska | B9: 219037 | C9: 56934 | D9: 56931 | E9: 3
A10: Amer. Samoa | B10: 35002 | C10: N/A | D10: N/A | E10: N/A
A11: Arizona | B11: 1916119 | C11: 447308 | D11: 107000 | E11: 340308
A12: Arkansas | B12: 839997 | C12: 263586 | D12: 262732 | E12: 854
A13: California * | B13: 12380947 | C13: 3713452 | D13: 3688474 | E13: 24978
A14: Colorado | B14: 1224701 | C14: 387995 | D14: 380126 | E14: 7869
A15: Connecticut | B15: 971365 | C15: 276562 | D15: 250855 | E15: 25707
A16: Delaware | B16: 216877 | C16: 64052 | D16: 9644 | E16: 54408
A17: Dist. Of Col. | B17: 257688 | C17: 104682 | D17: 64959 | E17: 39723
A18: Florida | B18: 3943838 | C18: N/A | D18: N/A | E18: N/A
A19: Georgia | B19: 2028836 | C19: N/A | D19: N/A | E19: N/A
A20: Guam | B20: 34496 | C20: 4229 | D20: N/A | E20: 4229
A21: Hawaii | B21: 318070 | C21: 116329 | D21: 19271 | E21: 97058
A22: Idaho | B22: 358616 | C22: 69012 | D22: 69012 | E22: 0
A23: Illinois | B23: 2713248 | C23: 712712 | D23: 606814 | E23: 105898
A24: Indiana | B24: 1428654 | C24: 359030 | D24: 359030 | E24: 0
A25: Iowa | B25: 613206 | C25: 182293 | D25: 164500 | E25: 17793
A26: Kansas | B26: 360497 | C26: N/A | D26: N/A | E26: N/A
A27: Kentucky | B27: 1334076 | C27: 479906 | D27: 479906 | E27: 0
A28: Louisiana | B28: 1660978 | C28: 510425 | D28: 510425 | E28: 0
A29: Maine | B29: 296032 | C29: 54534 | D29: 42392 | E29: 12142
A30: Maryland | B30: 1268661 | C30: 321879 | D30: 321879 | E30: 0
A31: Massachusetts | B31: 1707432 | C31: 347887 | D31: 0 | E31: 347887
A32: Michigan | B32: 2465001 | C32: 708445 | D32: 660034 | E32: 48411
A33: Minnesota | B33: 1086222 | C33: 197841 | D33: 197333 | E33: 508
A34: Mississippi | B34: 667610 | C34: N/A | D34: N/A | E34: N/A
A35: Missouri | B35: 884673 | C35: N/A | D35: N/A | E35: N/A
A36: Montana | B36: 240538 | C36: 88868 | D36: 88868 | E36: 0
A37: N. Mariana Islands | B37: 15915 | C37: N/A | D37: N/A | E37: N/A
A38: Nebraska | B38: 241710 | C38: 0 | D38: 0 | E38: 0
A39: Nevada | B39: 608671 | C39: 221113 | D39: 221113 | E39: 0
A40: New Hampshire | B40: 187275 | C40: 56570 | D40: 56289 | E40: 281
A41: New Jersey | B41: 1624308 | C41: 546796 | D41: 546796 | E41: 0
A42: New Mexico | B42: 846818 | C42: 270756 | D42: 270756 | E42: 0
A43: New York | B43: 6179273 | C43: 1936491 | D43: 325209 | E43: 1611282
A44: North Carolina | B44: 2192197 | C44: N/A | D44: N/A | E44: N/A
A45: North Dakota | B45: 94573 | C45: 21528 | D45: 20429 | E45: 1099
A46: Ohio | B46: 2865708 | C46: 566910 | D46: 566594 | E46: 316
A47: Oklahoma | B47: 677003 | C47: N/A | D47: N/A | E47: N/A
A48: Oregon | B48: 1008483 | C48: 500627 | D48: 411822 | E48: 88805
A49: Pennsylvania | B49: 2886869 | C49: 797227 | D49: 757130 | E49: 40097
A50: Puerto Rico | B50: 1151185 | C50: 403839 | D50: N/A | E50: 403839
A51: Rhode Island | B51: 296178 | C51: 69348 | D51: 69348 | E51: 0
A52: South Carolina | B52: 1277974 | C52: N/A | D52: N/A | E52: N/A
A53: South Dakota | B53: 104300 | C53: N/A | D53: N/A | E53: N/A
A54: Tennessee | B54: 1576964 | C54: N/A | D54: N/A | E54: N/A
A55: Texas | B55: 4283983 | C55: N/A | D55: N/A | E55: N/A
A56: Utah | B56: 316033 | C56: 54480 | D56: 53940 | E56: 540
A57: Vermont | B57: 169291 | C57: 57819 | D57: 0 | E57: 57819
A58: Virgin Islands | B58: 31298 | C58: 14717 | D58: N/A | E58: 14717
A59: Virginia * | B59: 1381055 | C59: 396623 | D59: 396623 | E59: 0
A60: Washington | B60: 1757505 | C60: 575051 | D60: 560136 | E60: 14915
A61: West Virginia | B61: 523766 | C61: 165063 | D61: 165063 | E61: 0
A62: Wisconsin | B62: 1222819 | C62: N/A | D62: N/A | E62: N/A
A63: Wyoming | B63: 57280 | C63: N/A | D63: N/A | E63: N/A
A64: Totals | B64: =SUM(B8:B63) -> 76114580 | C64: =SUM(C8:C63) -> 16122919 | D64: =SUM(D8:D63) -> 12761433 | E64: =SUM(E8:E63) -> 3361486
A66: * Awaiting state reporting/enrollment reasonableness review in progress
A68: Notes:
A69: 1. The “VIII GROUP” is also known as the “New Adult Group.”
A70: 2. The VIII Group is only applicable for states that have expanded their Medicaid programs by adopting the VIII Group. VIII Group expenditure information
A71: for the states that have not expanded their Medicaid program is noted as “N/A.”
A72: 3. Michigan expanded its Medicaid program by adopting the VIII Group on April 1, 2014.
A73: 4. New Hampshire expanded its Medicaid program by adopting the VIII Group on August 15, 2014.
A74: 5. Pennsylvania expanded its Medicaid program by adopting the VIII Group on January 1, 2015.
A75: 6. Indiana expanded its Medicaid program by adopting the VIII Group on February 1, 2015.
A76: 7. The Virgin Islands expanded its Medicaid program by adopting the VIII Group on June 1, 2015.
A77: 8. Alaska expanded its Medicaid program by adopting the VIII Group on September 1, 2015.
A78: 9. Montana expanded its Medicaid program by adopting the VIII Group on January 1, 2016.
... A83: 14. Utah expanded its Medicaid program by adopting VIII Group on January 1, 2020.

Sheet May-2020
A1: Total Medicaid Enrollees - VIII Group Break Out Report
A2: May-2020
A3: Updated May 2021
A4: Reported on the CMS-64
A7: State | B7: Total Medicaid Enrollees | C7: Total VIII Group Enrollees | D7: Total VIII Group Newly Eligible Enrollees | E7: Total VIII Group Not Newly Eligible Enrollees
A8: Alabama | B8: 1073085 | C8: N/A | D8: N/A | E8: N/A
A9: Alaska | B9: 220423 | C9: 57233 | D9: 57229 | E9: 4
A10: Amer. Samoa | B10: 35002 | C10: N/A | D10: N/A | E10: N/A
A11: Arizona | B11: 1944923 | C11: 464212 | D11: 113446 | E11: 350766
A12: Arkansas | B12: 858323 | C12: 271421 | D12: 270530 | E12: 891
A13: California * | B13: 12468493 | C13: 3740386 | D13: 3714742 | E13: 25644
A14: Colorado | B14: 1259631 | C14: 405396 | D14: 397349 | E14: 8047
A15: Connecticut | B15: 979151 | C15: 280041 | D15: 254233 | E15: 25808
A16: Delaware | B16: 220485 | C16: 65370 | D16: 9719 | E16: 55651
A17: Dist. Of Col. | B17: 259796 | C17: 106136 | D17: 66064 | E17: 40072
A18: Florida | B18: 4044252 | C18: N/A | D18: N/A | E18: N/A
A19: Georgia | B19: 2056580 | C19: N/A | D19: N/A | E19: N/A
A20: Guam | B20: 34363 | C20: 4464 | D20: N/A | E20: 4464
A21: Hawaii | B21: 323268 | C21: 119145 | D21: 19966 | E21: 99179
A22: Idaho | B22: 361917 | C22: 70488 | D22: 70488 | E22: 0
A23: Illinois | B23: 2739445 | C23: 731491 | D23: 625798 | E23: 105693
A24: Indiana | B24: 1453120 | C24: 370983 | D24: 370983 | E24: 0
A25: Iowa | B25: 621957 | C25: 185815 | D25: 166008 | E25: 19807
A26: Kansas | B26: 364759 | C26: N/A | D26: N/A | E26: N/A
A27: Kentucky | B27: 1370771 | C27: 498105 | D27: 498105 | E27: 0
A28: Louisiana | B28: 1680231 | C28: 519378 | D28: 519378 | E28: 0
A29: Maine | B29: 301721 | C29: 56856 | D29: 44746 | E29: 12110
A30: Maryland | B30: 1287748 | C30: 328994 | D30: 328994 | E30: 0
A31: Massachusetts | B31: 1700706 | C31: 345470 | D31: 0 | E31: 345470
A32: Michigan | B32: 2506063 | C32: 721420 | D32: 672485 | E32: 48935
A33: Minnesota | B33: 1093609 | C33: 201098 | D33: 200594 | E33: 504
A34: Mississippi | B34: 689298 | C34: N/A | D34: N/A | E34: N/A
A35: Missouri | B35: 903605 | C35: N/A | D35: N/A | E35: N/A
A36: Montana | B36: 242849 | C36: 90166 | D36: 90166 | E36: 0
A37: N. Mariana Islands | B37: 15702 | C37: N/A | D37: N/A | E37: N/A
A38: Nebraska | B38: 245102 | C38: 0 | D38: 0 | E38: 0
A39: Nevada | B39: 627716 | C39: 227050 | D39: 227050 | E39: 0
A40: New Hampshire | B40: 191327 | C40: 58376 | D40: 58081 | E40: 295
A41: New Jersey | B41: 1641394 | C41: 558797 | D41: 558797 | E41: 0
A42: New Mexico | B42: 856649 | C42: 273414 | D42: 273414 | E42: 0
A43: New York | B43: 6273086 | C43: 1989325 | D43: 337387 | E43: 1651938
A44: North Carolina | B44: 2211323 | C44: N/A | D44: N/A | E44: N/A
A45: North Dakota | B45: 94031 | C45: 21497 | D45: 20411 | E45: 1086
A46: Ohio | B46: 2891194 | C46: 566246 | D46: 565948 | E46: 298
A47: Oklahoma | B47: 687032 | C47: N/A | D47: N/A | E47: N/A
A48: Oregon | B48: 1023014 | C48: 508962 | D48: 418704 | E48: 90258
A49: Pennsylvania | B49: 2932848 | C49: 819596 | D49: 777610 | E49: 41986
A50: Puerto Rico | B50: 1162631 | C50: 411341 | D50: N/A | E50: 411341
A51: Rhode Island | B51: 298987 | C51: 70882 | D51: 70882 | E51: 0
A52: South Carolina | B52: 1288568 | C52: N/A | D52: N/A | E52: N/A
A53: South Dakota | B53: 105926 | C53: N/A | D53: N/A | E53: N/A
A54: Tennessee | B54: 1588211 | C54: N/A | D54: N/A | E54: N/A
A55: Texas | B55: 4371891 | C55: N/A | D55: N/A | E55: N/A
A56: Utah | B56: 325271 | C56: 57731 | D56: 57147 | E56: 584
A57: Vermont | B57: 171014 | C57: 58872 | D57: 0 | E57: 58872
A58: Virgin Islands | B58: 31485 | C58: 14874 | D58: N/A | E58: 14874
A59: Virginia * | B59: 1430388 | C59: 416491 | D59: 416491 | E59: 0
A60: Washington | B60: 1775512 | C60: 585985 | D60: 570703 | E60: 15282
A61: West Virginia | B61: 529406 | C61: 166625 | D61: 166625 | E61: 0
A62: Wisconsin | B62: 1246555 | C62: N/A | D62: N/A | E62: N/A
A63: Wyoming | B63: 58110 | C63: N/A | D63: N/A | E63: N/A
A64: Totals | B64: =SUM(B8:B63) -> 77169947 | C64: =SUM(C8:C63) -> 16440132 | D64: =SUM(D8:D63) -> 13010273 | E64: =SUM(E8:E63) -> 3429859
A66: * Awaiting state reporting/enrollment reasonableness review in progress
A68: Notes:
A69: 1. The “VIII GROUP” is also known as the “New Adult Group.”
A70: 2. The VIII Group is only applicable for states that have expanded their Medicaid programs by adopting the VIII Group. VIII Group expenditure information
A71: for the states that have not expanded their Medicaid program is noted as “N/A.”
A72: 3. Michigan expanded its Medicaid program by adopting the VIII Group on April 1, 2014.
A73: 4. New Hampshire expanded its Medicaid program by adopting the VIII Group on August 15, 2014.
A74: 5. Pennsylvania expanded its Medicaid program by adopting the VIII Group on January 1, 2015.
A75: 6. Indiana expanded its Medicaid program by adopting the VIII Group on February 1, 2015.
A76: 7. The Virgin Islands expanded its Medicaid program by adopting the VIII Group on June 1, 2015.
A77: 8. Alaska expanded its Medicaid program by adopting the VIII Group on September 1, 2015.
A78: 9. Montana expanded its Medicaid program by adopting the VIII Group on January 1, 2016.
... A83: 14. Utah expanded its Medicaid program by adopting VIII Group on January 1, 2020.

Sheet June-2020
A1: Total Medicaid Enrollees - VIII Group Break Out Report
A2: June-2020
A3: Updated May 2021
A4: Reported on the CMS-64
A7: State | B7: Total Medicaid Enrollees | C7: Total VIII Group Enrollees | D7: Total VIII Group Newly Eligible Enrollees | E7: Total VIII Group Not Newly Eligible Enrollees
A8: Alabama | B8: 1082699 | C8: N/A | D8: N/A | E8: N/A
A9: Alaska | B9: 221897 | C9: 58593 | D9: 58589 | E9: 4
A10: Amer. Samoa | B10: 35002 | C10: N/A | D10: N/A | E10: N/A
A11: Arizona | B11: 1977681 | C11: 479095 | D11: 125699 | E11: 353396
A12: Arkansas | B12: 869325 | C12: 277058 | D12: 276167 | E12: 891
A13: California * | B13: 12496095 | C13: 3763540 | D13: 3737423 | E13: 26117
A14: Colorado | B14: 1282749 | C14: 418599 | D14: 410636 | E14: 7963
A15: Connecticut | B15: 984812 | C15: 282690 | D15: 257036 | E15: 25654
A16: Delaware | B16: 224059 | C16: 66483 | D16: 9816 | E16: 56667
A17: Dist. Of Col. | B17: 262069 | C17: 107562 | D17: 67112 | E17: 40450
A18: Florida | B18: 4109278 | C18: N/A | D18: N/A | E18: N/A
A19: Georgia | B19: 2076053 | C19: N/A | D19: N/A | E19: N/A
A20: Guam | B20: 33256 | C20: 4416 | D20: N/A | E20: 4416
A21: Hawaii | B21: 322872 | C21: 119311 | D21: 20005 | E21: 99306
A22: Idaho | B22: 366300 | C22: 73231 | D22: 73231 | E22: 0
A23: Illinois | B23: 2761797 | C23: 744645 | D23: 639116 | E23: 105529
A24: Indiana | B24: 1475181 | C24: 381111 | D24: 381111 | E24: 0
A25: Iowa | B25: 631614 | C25: 189005 | D25: 166558 | E25: 22447
A26: Kansas | B26: 369807 | C26: N/A | D26: N/A | E26: N/A
A27: Kentucky | B27: 1417316 | C27: 534881 | D27: 534881 | E27: 0
A28: Louisiana | B28: 1698669 | C28: 527673 | D28: 527673 | E28: 0
A29: Maine | B29: 306263 | C29: 58734 | D29: 46478 | E29: 12256
A30: Maryland | B30: 1300946 | C30: 334228 | D30: 334228 | E30: 0
A31: Massachusetts | B31: 1707937 | C31: 347371 | D31: 0 | E31: 347371
A32: Michigan | B32: 2534597 | C32: 751687 | D32: 704359 | E32: 47328
A33: Minnesota | B33: 1098085 | C33: 203617 | D33: 202953 | E33: 664
A34: Mississippi | B34: 697178 | C34: N/A | D34: N/A | E34: N/A
A35: Missouri | B35: 920287 | C35: N/A | D35: N/A | E35: N/A
A36: Montana | B36: 245643 | C36: 91425 | D36: 91425 | E36: 0
A37: N. Mariana Islands | B37: 16241 | C37: N/A | D37: N/A | E37: N/A
A38: Nebraska | B38: 248273 | C38: 0 | D38: 0 | E38: 0
A39: Nevada | B39: 644373 | C39: 235160 | D39: 235160 | E39: 0
A40: New Hampshire | B40: 193532 | C40: 59562 | D40: 59263 | E40: 299
A41: New Jersey | B41: 1664309 | C41: 570088 | D41: 570088 | E41: 0
A42: New Mexico | B42: 862131 | C42: 274430 | D42: 274430 | E42: 0
A43: New York | B43: 6358951 | C43: 2031049 | D43: 346732 | E43: 1684317
A44: North Carolina | B44: 2236255 | C44: N/A | D44: N/A | E44: N/A
A45: North Dakota | B45: 94761 | C45: 21528 | D45: 20429 | E45: 1099
A46: Ohio | B46: 2906252 | C46: 562256 | D46: 561960 | E46: 296
A47: Oklahoma | B47: 726619 | C47: N/A | D47: N/A | E47: N/A
A48: Oregon | B48: 1033756 | C48: 519499 | D48: 428918 | E48: 90581
A49: Pennsylvania | B49: 2970037 | C49: 843748 | D49: 800276 | E49: 43472
A50: Puerto Rico | B50: 1174184 | C50: 418358 | D50: N/A | E50: 418358
A51: Rhode Island | B51: 302210 | C51: 72301 | D51: 72301 | E51: 0
A52: South Carolina | B52: 1300405 | C52: N/A | D52: N/A | E52: N/A
A53: South Dakota | B53: 107674 | C53: N/A | D53: N/A | E53: N/A
A54: Tennessee | B54: 1599722 | C54: N/A | D54: N/A | E54: N/A
A55: Texas | B55: 4449590 | C55: N/A | D55: N/A | E55: N/A
A56: Utah | B56: 335820 | C56: 61155 | D56: 60550 | E56: 605
A57: Vermont | B57: 172951 | C57: 60071 | D57: 0 | E57: 60071
A58: Virgin Islands | B58: 31682 | C58: 15024 | D58: N/A | E58: 15024
A59: Virginia * | B59: 1457772 | C59: 426100 | D59: 426100 | E59: 0
A60: Washington | B60: 1795931 | C60: 599716 | D60: 584238 | E60: 15478
A61: West Virginia | B61: 535649 | C61: 170755 | D61: 170755 | E61: 0
A62: Wisconsin | B62: 1267446 | C62: N/A | D62: N/A | E62: N/A
A63: Wyoming | B63: 59487 | C63: N/A | D63: N/A | E63: N/A
A64: Totals | B64: =SUM(B8:B63) -> 78055480 | C64: =SUM(C8:C63) -> 16755755 | D64: =SUM(D8:D63) -> 13275696 | E64: =SUM(E8:E63) -> 3480059
A66: * Awaiting state reporting/enrollment reasonableness review in progress
A68: Notes:
A69: 1. The “VIII GROUP” is also known as the “New Adult Group.”
A70: 2. The VIII Group is only applicable for states that have expanded their Medicaid programs by adopting the VIII Group. VIII Group expenditure information
A71: for the states that have not expanded their Medicaid program is noted as “N/A.”
A72: 3. Michigan expanded its Medicaid program by adopting the VIII Group on April 1, 2014.
A73: 4. New Hampshire expanded its Medicaid program by adopting the VIII Group on August 15, 2014.
A74: 5. Pennsylvania expanded its Medicaid program by adopting the VIII Group on January 1, 2015.
A75: 6. Indiana expanded its Medicaid program by adopting the VIII Group on February 1, 2015.
A76: 7. The Virgin Islands expanded its Medicaid program by adopting the VIII Group on June 1, 2015.
A77: 8. Alaska expanded its Medicaid program by adopting the VIII Group on September 1, 2015.
A78: 9. Montana expanded its Medicaid program by adopting the VIII Group on January 1, 2016.
... A83: 14. Utah expanded its Medicaid program by adopting VIII Group on January 1, 2020.

Sheet July-2020
A1: Total Medicaid Enrollees - VIII Group Break Out Report
A2: July-2020
A3: Updated May 2021
A4: Reported on the CMS-64
A7: State | B7: Total Medicaid Enrollees | C7: Total VIII Group Enrollees | D7: Total VIII Group Newly Eligible Enrollees | E7: Total VIII Group Not Newly Eligible Enrollees
A8: Alabama | B8: 1092935 | C8: N/A | D8: N/A | E8: N/A
A9: Alaska | B9: 222723 | C9: 59969 | D9: 59969 | E9: 0
A10: Amer. Samoa | B10: 35002 | C10: N/A | D10: N/A | E10: N/A
A11: Arizona | B11: 1998408 | C11: 490625 | D11: 131048 | E11: 359577
A12: Arkansas | B12: 874330 | C12: 281208 | D12: 280309 | E12: 899
A13: California * | B13: 12787466 | C13: 3879011 | D13: 3851971 | E13: 27040
A14: Colorado | B14: 1303164 | C14: 431837 | D14: 423297 | E14: 8540
A15: Connecticut | B15: 990928 | C15: 286877 | D15: 260446 | E15: 26431
A16: Delaware | B16: 226905 | C16: 67491 | D16: 10040 | E16: 57451
A17: Dist. Of Col. | B17: 264260 | C17: 108953 | D17: 68150 | E17: 40803
A18: Florida | B18: 4203096 | C18: N/A | D18: N/A | E18: N/A
A19: Georgia | B19: 2101870 | C19: N/A | D19: N/A | E19: N/A
A20: Guam | B20: 33794 | C20: 4587 | D20: N/A | E20: 4587
A21: Hawaii | B21: 338124 | C21: 127294 | D21: 21662 | E21: 105632
A22: Idaho | B22: 374214 | C22: 77026 | D22: 77026 | E22: 0
A23: Illinois | B23: 2790009 | C23: 755759 | D23: 650439 | E23: 105320
A24: Indiana | B24: 1538180 | C24: 393272 | D24: 393272 | E24: 0
A25: Iowa | B25: 639783 | C25: 191260 | D25: 165564 | E25: 25696
A26: Kansas | B26: 374777 | C26: N/A | D26: N/A | E26: N/A
A27: Kentucky | B27: 1458133 | C27: 566795 | D27: 566795 | E27: 0
A28: Louisiana | B28: 1730359 | C28: 542855 | D28: 542855 | E28: 0
A29: Maine | B29: 310848 | C29: 61221 | D29: 48349 | E29: 12872
A30: Maryland | B30: 1315348 | C30: 338840 | D30: 338840 | E30: 0
A31: Massachusetts | B31: 1728064 | C31: 356034 | D31: 0 | E31: 356034
A32: Michigan | B32: 2568093 | C32: 768019 | D32: 720329 | E32: 47690
A33: Minnesota | B33: 1126008 | C33: 211102 | D33: 210376 | E33: 726
A34: Mississippi | B34: 704743 | C34: N/A | D34: N/A | E34: N/A
A35: Missouri | B35: 937867 | C35: N/A | D35: N/A | E35: N/A
A36: Montana | B36: 248356 | C36: 92652 | D36: 92652 | E36: 0
A37: N. Mariana Islands | B37: 16654 | C37: N/A | D37: N/A | E37: N/A
A38: Nebraska | B38: 252566 | C38: 0 | D38: 0 | E38: 0
A39: Nevada | B39: 657174 | C39: 242233 | D39: 242233 | E39: 0
A40: New Hampshire | B40: 195868 | C40: 60763 | D40: 60448 | E40: 315
A41: New Jersey | B41: 1687587 | C41: 580807 | D41: 580807 | E41: 0
A42: New Mexico | B42: 873305 | C42: 277179 | D42: 277179 | E42: 0
A43: New York | B43: 6442782 | C43: 2070518 | D43: 355730 | E43: 1714788
A44: North Carolina | B44: 2263676 | C44: N/A | D44: N/A | E44: N/A
A45: North Dakota | B45: 99152 | C45: 22101 | D45: 20956 | E45: 1145
A46: Ohio | B46: 2926487 | C46: 561696 | D46: 561404 | E46: 292
A47: Oklahoma | B47: 737924 | C47: N/A | D47: N/A | E47: N/A
A48: Oregon | B48: 1050416 | C48: 530755 | D48: 439595 | E48: 91160
A49: Pennsylvania | B49: 3002453 | C49: 864967 | D49: 820411 | E49: 44556
A50: Puerto Rico | B50: 1182169 | C50: 422789 | D50: N/A | E50: 422789
A51: Rhode Island | B51: 305128 | C51: 73961 | D51: 73961 | E51: 0
A52: South Carolina | B52: 1312824 | C52: N/A | D52: N/A | E52: N/A
A53: South Dakota | B53: 109209 | C53: N/A | D53: N/A | E53: N/A
A54: Tennessee | B54: 1621399 | C54: N/A | D54: N/A | E54: N/A
A55: Texas | B55: 4520482 | C55: N/A | D55: N/A | E55: N/A
A56: Utah | B56: 345776 | C56: 64405 | D56: 63770 | E56: 635
A57: Vermont | B57: 174580 | C57: 61022 | D57: 0 | E57: 61022
A58: Virgin Islands | B58: 31882 | C58: 15207 | D58: N/A | E58: 15207
A59: Virginia * | B59: 1473316 | C59: 436181 | D59: 436181 | E59: 0
A60: Washington | B60: 1821433 | C60: 613660 | D60: 597898 | E60: 15762
A61: West Virginia | B61: 542796 | C61: 175125 | D61: 175125 | E61: 0
A62: Wisconsin | B62: 1283322 | C62: N/A | D62: N/A | E62: N/A
A63: Wyoming | B63: 61104 | C63: N/A | D63: N/A | E63: N/A
A64: Totals | B64: =SUM(B8:B63) -> 79309251 | C64: =SUM(C8:C63) -> 17166056 | D64: =SUM(D8:D63) -> 13619087 | E64: =SUM(E8:E63) -> 3546969
A66: * Awaiting state reporting/enrollment reasonableness review in progress
A68: Notes:
A69: 1. The “VIII GROUP” is also known as the “New Adult Group.”
A70: 2. The VIII Group is only applicable for states that have expanded their Medicaid programs by adopting the VIII Group. VIII Group expenditure information
A71: for the states that have not expanded their Medicaid program is noted as “N/A.”
A72: 3. Michigan expanded its Medicaid program by adopting the VIII Group on April 1, 2014.
A73: 4. New Hampshire expanded its Medicaid program by adopting the VIII Group on August 15, 2014.
A74: 5. Pennsylvania expanded its Medicaid program by adopting the VIII Group on January 1, 2015.
A75: 6. Indiana expanded its Medicaid program by adopting the VIII Group on February 1, 2015.
A76: 7. The Virgin Islands expanded its Medicaid program by adopting the VIII Group on June 1, 2015.
A77: 8. Alaska expanded its Medicaid program by adopting the VIII Group on September 1, 2015.
A78: 9. Montana expanded its Medicaid program by adopting the VIII Group on January 1, 2016.
... A91: Created On: Thursday, May 27, 2021 12:35 PM

Sheet August-2020
A1: Total Medicaid Enrollees - VIII Group Break Out Report
A2: August-2020
A3: Updated May 2021
A4: Reported on the CMS-64
A7: State | B7: Total Medicaid Enrollees | C7: Total VIII Group Enrollees | D7: Total VIII Group Newly Eligible Enrollees | E7: Total VIII Group Not Newly Eligible Enrollees
A8: Alabama | B8: 1103184 | C8: N/A | D8: N/A | E8: N/A
A9: Alaska | B9: 224521 | C9: 61423 | D9: 61423 | E9: 0
A10: Amer. Samoa | B10: 35002 | C10: N/A | D10: N/A | E10: N/A
A11: Arizona | B11: 2021527 | C11: 503099 | D11: 137820 | E11: 365279
A12: Arkansas | B12: 882897 | C12: 285660 | D12: 284747 | E12: 913
A13: California * | B13: 12866248 | C13: 3923953 | D13: 3896394 | E13: 27559
A14: Colorado | B14: 1326138 | C14: 443851 | D14: 435303 | E14: 8548
A15: Connecticut | B15: 998602 | C15: 289946 | D15: 263524 | E15: 26422
A16: Delaware | B16: 229335 | C16: 68413 | D16: 10188 | E16: 58225
A17: Dist. Of Col. | B17: 266248 | C17: 110195 | D17: 69134 | E17: 41061
A18: Florida | B18: 4255734 | C18: N/A | D18: N/A | E18: N/A
A19: Georgia | B19: 2126182 | C19: N/A | D19: N/A | E19: N/A
A20: Guam | B20: 33348 | C20: 4417 | D20: N/A | E20: 4417
A21: Hawaii | B21: 343633 | C21: 130662 | D21: 22453 | E21: 108209
A22: Idaho | B22: 378670 | C22: 79781 | D22: 79781 | E22: 0
A23: Illinois | B23: 2822189 | C23: 768662 | D23: 663480 | E23: 105182
A24: Indiana | B24: 1546388 | C24: 404535 | D24: 404535 | E24: 0
A25: Iowa | B25: 649588 | C25: 194570 | D25: 167348 | E25: 27222
A26: Kansas | B26: 378452 | C26: N/A | D26: N/A | E26: N/A
A27: Kentucky | B27: 1520103 | C27: 617151 | D27: 617151 | E27: 0
A28: Louisiana | B28: 1746994 | C28: 553179 | D28: 553179 | E28: 0
A29: Maine | B29: 314750 | C29: 63225 | D29: 49989 | E29: 13236
A30: Maryland | B30: 1326330 | C30: 342288 | D30: 342288 | E30: 0
A31: Massachusetts | B31: 1757047 | C31: 368389 | D31: 0 | E31: 368389
A32: Michigan | B32: 2598311 | C32: 784968 | D32: 736523 | E32: 48445
A33: Minnesota | B33: 1135155 | C33: 214339 | D33: 213556 | E33: 783
A34: Mississippi | B34: 712974 | C34: N/A | D34: N/A | E34: N/A
A35: Missouri | B35: 955423 | C35: N/A | D35: N/A | E35: N/A
A36: Montana | B36: 251680 | C36: 94155 | D36: 94155 | E36: 0
A37: N. Mariana Islands | B37: 16517 | C37: N/A | D37: N/A | E37: N/A
A38: Nebraska | B38: 252610 | C38: 0 | D38: 0 | E38: 0
A39: Nevada | B39: 670975 | C39: 249514 | D39: 249514 | E39: 0
A40: New Hampshire | B40: 198346 | C40: 62396 | D40: 62064 | E40: 332
A41: New Jersey | B41: 1710679 | C41: 592558 | D41: 592558 | E41: 0
A42: New Mexico | B42: 881328 | C42: 278780 | D42: 278780 | E42: 0
A43: New York | B43: 6513847 | C43: 2104474 | D43: 364832 | E43: 1739642
A44: North Carolina | B44: 2290598 | C44: N/A | D44: N/A | E44: N/A
A45: North Dakota | B45: 103854 | C45: 23086 | D45: 21874 | E45: 1212
A46: Ohio | B46: 2942971 | C46: 558714 | D46: 558430 | E46: 284
A47: Oklahoma | B47: 747921 | C47: N/A | D47: N/A | E47: N/A
A48: Oregon | B48: 1061777 | C48: 538992 | D48: 447575 | E48: 91417
A49: Pennsylvania | B49: 3034716 | C49: 885863 | D49: 840690 | E49: 45173
A50: Puerto Rico | B50: 1190728 | C50: 425618 | D50: N/A | E50: 425618
A51: Rhode Island | B51: 307986 | C51: 75358 | D51: 75358 | E51: 0
A52: South Carolina | B52: 1324312 | C52: N/A | D52: N/A | E52: N/A
A53: South Dakota | B53: 110617 | C53: N/A | D53: N/A | E53: N/A
A54: Tennessee | B54: 1634360 | C54: N/A | D54: N/A | E54: N/A
A55: Texas | B55: 4588078 | C55: N/A | D55: N/A | E55: N/A
A56: Utah | B56: 356189 | C56: 67501 | D56: 66838 | E56: 663
A57: Vermont | B57: 176679 | C57: 62458 | D57: 0 | E57: 62458
A58: Virgin Islands | B58: 31797 | C58: 15211 | D58: N/A | E58: 15211
A59: Virginia * | B59: 1493912 | C59: 448239 | D59: 448239 | E59: 0
A60: Washington | B60: 1842964 | C60: 627385 | D60: 611509 | E60: 15876
A61: West Virginia | B61: 549449 | C61: 178252 | D61: 178252 | E61: 0
A62: Wisconsin | B62: 1301400 | C62: N/A | D62: N/A | E62: N/A
A63: Wyoming | B63: 61719 | C63: N/A | D63: N/A | E63: N/A
A64: Totals | B64: =SUM(B8:B63) -> 80202982 | C64: =SUM(C8:C63) -> 17501260 | D64: =SUM(D8:D63) -> 13899484 | E64: =SUM(E8:E63) -> 3601776
A66: * Awaiting state reporting/enrollment reasonableness review in progress
A68: Notes:
A69: 1. The “VIII GROUP” is also known as the “New Adult Group.”
A70: 2. The VIII Group is only applicable for states that have expanded their Medicaid programs by adopting the VIII Group. VIII Group expenditure information
A71: for the states that have not expanded their Medicaid program is noted as “N/A.”
A72: 3. Michigan expanded its Medicaid program by adopting the VIII Group on April 1, 2014.
A73: 4. New Hampshire expanded its Medicaid program by adopting the VIII Group on August 15, 2014.
A74: 5. Pennsylvania expanded its Medicaid program by adopting the VIII Group on January 1, 2015.
A75: 6. Indiana expanded its Medicaid program by adopting the VIII Group on February 1, 2015.
A76: 7. The Virgin Islands expanded its Medicaid program by adopting the VIII Group on June 1, 2015.
A77: 8. Alaska expanded its Medicaid program by adopting the VIII Group on September 1, 2015.
A78: 9. Montana expanded its Medicaid program by adopting the VIII Group on January 1, 2016.
... A91: Created On: Thursday, May 27, 2021 12:35 PM

Sheet September-2020
A1: Total Medicaid Enrollees - VIII Group Break Out Report
A2: September-2020
A3: Updated May 2021
A4: Reported on the CMS-64
A7: State | B7: Total Medicaid Enrollees | C7: Total VIII Group Enrollees | D7: Total VIII Group Newly Eligible Enrollees | E7: Total VIII Group Not Newly Eligible Enrollees
A8: Alabama | B8: 1113166 | C8: N/A | D8: N/A | E8: N/A
A9: Alaska | B9: 225188 | C9: 61728 | D9: 61727 | E9: 1
A10: Amer. Samoa | B10: 35002 | C10: N/A | D10: N/A | E10: N/A
A11: Arizona | B11: 2046619 | C11: 516040 | D11: 143420 | E11: 372620
A12: Arkansas | B12: 891099 | C12: 290434 | D12: 289515 | E12: 919
A13: California * | B13: 12892566 | C13: 3954890 | D13: 3927007 | E13: 27883
A14: Colorado | B14: 1346548 | C14: 452156 | D14: 443744 | E14: 8412
A15: Connecticut | B15: 1006794 | C15: 292890 | D15: 266603 | E15: 26287
A16: Delaware | B16: 231311 | C16: 69185 | D16: 10301 | E16: 58884
A17: Dist. Of Col. | B17: 268089 | C17: 111414 | D17: 70069 | E17: 41345
A18: Florida | B18: 4252055 | C18: N/A | D18: N/A | E18: N/A
A19: Georgia | B19: 2148020 | C19: N/A | D19: N/A | E19: N/A
A20: Guam | B20: 32968 | C20: 4291 | D20: N/A | E20: 4291
A21: Hawaii | B21: 348761 | C21: 133702 | D21: 23261 | E21: 110441
A22: Idaho | B22: 382293 | C22: 81928 | D22: 81928 | E22: 0
A23: Illinois | B23: 2849937 | C23: 780037 | D23: 675072 | E23: 104965
A24: Indiana | B24: 1562001 | C24: 413319 | D24: 413319 | E24: 0
A25: Iowa | B25: 655811 | C25: 197210 | D25: 168963 | E25: 28247
A26: Kansas | B26: 382068 | C26: N/A | D26: N/A | E26: N/A
A27: Kentucky | B27: 1515963 | C27: 614692 | D27: 614692 | E27: 0
A28: Louisiana | B28: 1760034 | C28: 561862 | D28: 561862 | E28: 0
A29: Maine | B29: 317797 | C29: 64962 | D29: 51291 | E29: 13671
A30: Maryland | B30: 1340820 | C30: 347788 | D30: 347788 | E30: 0
A31: Massachusetts | B31: 1774053 | C31: 371979 | D31: 0 | E31: 371979
A32: Michigan | B32: 2631613 | C32: 803612 | D32: 754595 | E32: 49017
A33: Minnesota | B33: 1139158 | C33: 216433 | D33: 215719 | E33: 714
A34: Mississippi | B34: 721425 | C34: N/A | D34: N/A | E34: N/A
A35: Missouri | B35: 971836 | C35: N/A | D35: N/A | E35: N/A
A36: Montana | B36: 254160 | C36: 95315 | D36: 95315 | E36: 0
A37: N. Mariana Islands | B37: 16215 | C37: N/A | D37: N/A | E37: N/A
A38: Nebraska | B38: 258931 | C38: 0 | D38: 0 | E38: 0
A39: Nevada | B39: 684208 | C39: 256397 | D39: 256397 | E39: 0
A40: New Hampshire | B40: 200497 | C40: 63878 | D40: 63523 | E40: 355
A41: New Jersey | B41: 1731462 | C41: 603209 | D41: 603209 | E41: 0
A42: New Mexico | B42: 885893 | C42: 279207 | D42: 279207 | E42: 0
A43: New York | B43: 6582648 | C43: 2136976 | D43: 372528 | E43: 1764448
A44: North Carolina | B44: 2315558 | C44: N/A | D44: N/A | E44: N/A
A45: North Dakota | B45: 103274 | C45: 22593 | D45: 21391 | E45: 1202
A46: Ohio | B46: 2957976 | C46: 558312 | D46: 558031 | E46: 281
A47: Oklahoma | B47: 761390 | C47: N/A | D47: N/A | E47: N/A
A48: Oregon | B48: 1070839 | C48: 546138 | D48: 454292 | E48: 91846
A49: Pennsylvania | B49: 3068675 | C49: 905210 | D49: 859175 | E49: 46035
A50: Puerto Rico | B50: 1199697 | C50: 430204 | D50: N/A | E50: 430204
A51: Rhode Island | B51: 310496 | C51: 76686 | D51: 76686 | E51: 0
A52: South Carolina | B52: 1334135 | C52: N/A | D52: N/A | E52: N/A
A53: South Dakota | B53: 112153 | C53: N/A | D53: N/A | E53: N/A
A54: Tennessee | B54: 1644183 | C54: N/A | D54: N/A | E54: N/A
A55: Texas | B55: 4649620 | C55: N/A | D55: N/A | E55: N/A
A56: Utah | B56: 365138 | C56: 69926 | D56: 69222 | E56: 704
A57: Vermont | B57: 178149 | C57: 63302 | D57: 0 | E57: 63302
A58: Virgin Islands | B58: 31797 | C58: 15211 | D58: N/A | E58: 15211
A59: Virginia * | B59: 1512651 | C59: 458564 | D59: 458564 | E59: 0
A60: Washington | B60: 1932791 | C60: 637571 | D60: 622033 | E60: 15538
A61: West Virginia | B61: 555561 | C61: 181499 | D61: 181499 | E61: 0
A62: Wisconsin | B62: 1314454 | C62: N/A | D62: N/A | E62: N/A
A63: Wyoming | B63: 63234 | C63: N/A | D63: N/A | E63: N/A
A64: Totals | B64: =SUM(B8:B63) -> 80938780 | C64: =SUM(C8:C63) -> 17740750 | D64: =SUM(D8:D63) -> 14091948 | E64: =SUM(E8:E63) -> 3648802
A66: * Awaiting state reporting/enrollment reasonableness review in progress
A68: Notes:
A69: 1. The “VIII GROUP” is also known as the “New Adult Group.”
A70: 2. The VIII Group is only applicable for states that have expanded their Medicaid programs by adopting the VIII Group. VIII Group expenditure information
A71: for the states that have not expanded their Medicaid program is noted as “N/A.”
A72: 3. Michigan expanded its Medicaid program by adopting the VIII Group on April 1, 2014.
A73: 4. New Hampshire expanded its Medicaid program by adopting the VIII Group on August 15, 2014.
A74: 5. Pennsylvania expanded its Medicaid program by adopting the VIII Group on January 1, 2015.
A75: 6. Indiana expanded its Medicaid program by adopting the VIII Group on February 1, 2015.
A76: 7. The Virgin Islands expanded its Medicaid program by adopting the VIII Group on June 1, 2015.
A77: 8. Alaska expanded its Medicaid program by adopting the VIII Group on September 1, 2015.
A78: 9. Montana expanded its Medicaid program by adopting the VIII Group on January 1, 2016.
... A91: Created On: Thursday, May 27, 2021 12:35 PM

Sheet October-2020
A1: Total Medicaid Enrollees - VIII Group Break Out Report
A2: October-2020
A3: Updated May 2021
A4: Reported on the CMS-64
A7: State | B7: Total Medicaid Enrollees | C7: Total VIII Group Enrollees | D7: Total VIII Group Newly Eligible Enrollees | E7: Total VIII Group Not Newly Eligible Enrollees
A8: Alabama | B8: 1123576 | C8: N/A | D8: N/A | E8: N/A
A9: Alaska | B9: 226283 | C9: 62237 | D9: 62235 | E9: 2
A10: Amer. Samoa | B10: 37756 | C10: N/A | D10: N/A | E10: N/A
A11: Arizona | B11: 2061347 | C11: 525461 | D11: 151604 | E11: 373857
A12: Arkansas | B12: 902991 | C12: 295474 | D12: 294549 | E12: 925
A13: California * | B13: 13069995 | C13: 4033289 | D13: 4005146 | E13: 28143
A14: Colorado | B14: 1371253 | C14: 465150 | D14: 456351 | E14: 8799
A15: Connecticut | B15: 1022058 | C15: 298663 | D15: 271328 | E15: 27335
A16: Delaware | B16: 234170 | C16: 70273 | D16: 10539 | E16: 59734
A17: Dist. Of Col. | B17: 256032 | C17: 112573 | D17: 70992 | E17: 41581
A18: Florida | B18: 4403660 | C18: N/A | D18: N/A | E18: N/A
A19: Georgia | B19: 2165710 | C19: N/A | D19: N/A | E19: N/A
A20: Guam | B20: 32988 | C20: 4247 | D20: N/A | E20: 4247
A21: Hawaii | B21: 353844 | C21: 136764 | D21: 23938 | E21: 112826
A22: Idaho | B22: 390671 | C22: 85953 | D22: 85953 | E22: 0
A23: Illinois | B23: 2870634 | C23: 790627 | D23: 685871 | E23: 104756
A24: Indiana | B24: 1617128 | C24: 428974 | D24: 428974 | E24: 0
A25: Iowa | B25: 662889 | C25: 200288 | D25: 171544 | E25: 28744
A26: Kansas | B26: 385210 | C26: N/A | D26: N/A | E26: N/A
A27: Kentucky | B27: 1515279 | C27: 615376 | D27: 615376 | E27: 0
A28: Louisiana | B28: 1785285 | C28: 575895 | D28: 575895 | E28: 0
A29: Maine | B29: 322030 | C29: 67114 | D29: 52769 | E29: 14345
A30: Maryland | B30: 1353610 | C30: 352398 | D30: 352398 | E30: 0
A31: Massachusetts | B31: 1793269 | C31: 377428 | D31: 0 | E31: 377428
A32: Michigan | B32: 2663378 | C32: 821296 | D32: 771729 | E32: 49567
A33: Minnesota | B33: 1164561 | C33: 222771 | D33: 222771 | E33: 0
A34: Mississippi | B34: 729167 | C34: N/A | D34: N/A | E34: N/A
A35: Missouri | B35: 985138 | C35: N/A | D35: N/A | E35: N/A
A36: Montana | B36: 256528 | C36: 96440 | D36: 96440 | E36: 0
A37: N. Mariana Islands | B37: 15887 | C37: N/A | D37: N/A | E37: N/A
A38: Nebraska | B38: 275608 | C38: 14770 | D38: 14363 | E38: 407
A39: Nevada | B39: 695391 | C39: 262190 | D39: 262190 | E39: 0
A40: New Hampshire | B40: 203259 | C40: 65394 | D40: 65035 | E40: 359
A41: New Jersey | B41: 1750578 | C41: 613677 | D41: 613677 | E41: 0
A42: New Mexico | B42: 893839 | C42: 280902 | D42: 280902 | E42: 0
A43: New York | B43: 6644097 | C43: 2165950 | D43: 379422 | E43: 1786528
A44: North Carolina | B44: 2336334 | C44: N/A | D44: N/A | E44: N/A
A45: North Dakota | B45: 109417 | C45: 24236 | D45: 22948 | E45: 1288
A46: Ohio | B46: 2973871 | C46: 560716 | D46: 560440 | E46: 276
A47: Oklahoma | B47: 786701 | C47: N/A | D47: N/A | E47: N/A
A48: Oregon | B48: 1089264 | C48: 558790 | D48: 465890 | E48: 92900
A49: Pennsylvania | B49: 3097693 | C49: 923654 | D49: 877097 | E49: 46557
A50: Puerto Rico | B50: 1208638 | C50: 433412 | D50: N/A | E50: 433412
A51: Rhode Island | B51: 313623 | C51: 78223 | D51: 78223 | E51: 0
A52: South Carolina | B52: 1341930 | C52: N/A | D52: N/A | E52: N/A
A53: South Dakota | B53: 113411 | C53: N/A | D53: N/A | E53: N/A
A54: Tennessee | B54: 1660773 | C54: N/A | D54: N/A | E54: N/A
A55: Texas | B55: 4720577 | C55: N/A | D55: N/A | E55: N/A
A56: Utah | B56: 372047 | C56: 72453 | D56: 71709 | E56: 744
A57: Vermont | B57: 179465 | C57: 64161 | D57: 0 | E57: 64161
A58: Virgin Islands | B58: 32605 | C58: 15675 | D58: N/A | E58: 15675
A59: Virginia * | B59: 1576071 | C59: 394992 | D59: 394992 | E59: 0
A60: Washington | B60: 3749256 | C60: 1296483 | D60: 1265761 | E60: 30722
A61: West Virginia | B61: 561663 | C61: 184967 | D61: 184967 | E61: 0
A62: Wisconsin | B62: 1327141 | C62: N/A | D62: N/A | E62: N/A
A63: Wyoming | B63: 63379 | C63: N/A | D63: N/A | E63: N/A
A64: Totals | B64: =SUM(B8:B63) -> 83848958 | C64: =SUM(C8:C63) -> 18649336 | D64: =SUM(D8:D63) -> 14944018 | E64: =SUM(E8:E63) -> 3705318
A66: * Awaiting state reporting/enrollment reasonableness review in progress
A68: Notes:
A69: 1. The “VIII GROUP” is also known as the “New Adult Group.”
A70: 2. The VIII Group is only applicable for states that have expanded their Medicaid programs by adopting the VIII Group. VIII Group expenditure information
A71: for the states that have not expanded their Medicaid program is noted as “N/A.”
A72: 3. Michigan expanded its Medicaid program by adopting the VIII Group on April 1, 2014.
A73: 4. New Hampshire expanded its Medicaid program by adopting the VIII Group on August 15, 2014.
A74: 5. Pennsylvania expanded its Medicaid program by adopting the VIII Group on January 1, 2015.
A75: 6. Indiana expanded its Medicaid program by adopting the VIII Group on February 1, 2015.
A76: 7. The Virgin Islands expanded its Medicaid program by adopting the VIII Group on June 1, 2015.
A77: 8. Alaska expanded its Medicaid program by adopting the VIII Group on September 1, 2015.
A78: 9. Montana expanded its Medicaid program by adopting the VIII Group on January 1, 2016.
... A83: 14. Utah expanded its Medicaid program by adopting VIII Group on January 1, 2020.

Sheet November-2020
A1: Total Medicaid Enrollees - VIII Group Break Out Report
A2: November-2020
A3: Updated May 2021
A4: Reported on the CMS-64
A7: State | B7: Total Medicaid Enrollees | C7: Total VIII Group Enrollees | D7: Total VIII Group Newly Eligible Enrollees | E7: Total VIII Group Not Newly Eligible Enrollees
A8: Alabama | B8: 1133386 | C8: N/A | D8: N/A | E8: N/A
A9: Alaska | B9: 226846 | C9: 62882 | D9: 62876 | E9: 6
A10: Amer. Samoa | B10: 37756 | C10: N/A | D10: N/A | E10: N/A
A11: Arizona | B11: 2082536 | C11: 540058 | D11: 157603 | E11: 382455
A12: Arkansas | B12: 910456 | C12: 300560 | D12: 299640 | E12: 920
A13: California * | B13: 13113772 | C13: 4072259 | D13: 4044048 | E13: 28211
A14: Colorado | B14: 1390236 | C14: 475900 | D14: 467058 | E14: 8842
A15: Connecticut | B15: 1030264 | C15: 302283 | D15: 275028 | E15: 27255
A16: Delaware | B16: 236357 | C16: 71197 | D16: 10760 | E16: 60437
A17: Dist. Of Col. | B17: 257607 | C17: 113615 | D17: 71866 | E17: 41749
A18: Florida | B18: 4448124 | C18: N/A | D18: N/A | E18: N/A
A19: Georgia | B19: 2183341 | C19: N/A | D19: N/A | E19: N/A
A20: Guam | B20: 32460 | C20: 4124 | D20: N/A | E20: 4124
A21: Hawaii | B21: 359269 | C21: 140114 | D21: 24849 | E21: 115265
A22: Idaho | B22: 394943 | C22: 88750 | D22: 88750 | E22: 0
A23: Illinois | B23: 2906027 | C23: 798867 | D23: 694342 | E23: 104525
A24: Indiana | B24: 1633454 | C24: 440904 | D24: 440904 | E24: 0
A25: Iowa | B25: 3078698 | C25: 204090 | D25: 174583 | E25: 29507
A26: Kansas | B26: 387950 | C26: N/A | D26: N/A | E26: N/A
A27: Kentucky | B27: 1520259 | C27: 622134 | D27: 622134 | E27: 0
A28: Louisiana | B28: 1801140 | C28: 588050 | D28: 588050 | E28: 0
A29: Maine | B29: 326340 | C29: 70504 | D29: 55259 | E29: 15245
A30: Maryland | B30: 1364250 | C30: 357898 | D30: 357898 | E30: 0
A31: Massachusetts | B31: 1794449 | C31: 382120 | D31: 0 | E31: 382120
A32: Michigan | B32: 2691484 | C32: 839543 | D32: 789865 | E32: 49678
A33: Minnesota | B33: 1171022 | C33: 225926 | D33: 225926 | E33: 0
A34: Mississippi | B34: 735048 | C34: N/A | D34: N/A | E34: N/A
A35: Missouri | B35: 995858 | C35: N/A | D35: N/A | E35: N/A
A36: Montana | B36: 260085 | C36: 98625 | D36: 98625 | E36: 0
A37: N. Mariana Islands | B37: 15735 | C37: N/A | D37: N/A | E37: N/A
A38: Nebraska | B38: 283112 | C38: 21401 | D38: 20860 | E38: 541
A39: Nevada | B39: 704125 | C39: 268317 | D39: 268317 | E39: 0
A40: New Hampshire | B40: 206397 | C40: 67816 | D40: 67444 | E40: 372
A41: New Jersey | B41: 1765761 | C41: 623786 | D41: 623786 | E41: 0
A42: New Mexico | B42: 901651 | C42: 283304 | D42: 283304 | E42: 0
A43: New York | B43: 6700613 | C43: 2199576 | D43: 386829 | E43: 1812747
A44: North Carolina | B44: 2356655 | C44: N/A | D44: N/A | E44: N/A
A45: North Dakota | B45: 109366 | C45: 24364 | D45: 23079 | E45: 1285
A46: Ohio | B46: 2981796 | C46: 560357 | D46: 560089 | E46: 268
A47: Oklahoma | B47: 792456 | C47: N/A | D47: N/A | E47: N/A
A48: Oregon | B48: 1104523 | C48: 571564 | D48: 477960 | E48: 93604
A49: Pennsylvania | B49: 3124081 | C49: 938810 | D49: 891460 | E49: 47350
A50: Puerto Rico | B50: 1215110 | C50: 436952 | D50: N/A | E50: 436952
A51: Rhode Island | B51: 316070 | C51: 79676 | D51: 79676 | E51: 0
A52: South Carolina | B52: 1350982 | C52: N/A | D52: N/A | E52: N/A
A53: South Dakota | B53: 114317 | C53: N/A | D53: N/A | E53: N/A
A54: Tennessee | B54: 1670330 | C54: N/A | D54: N/A | E54: N/A
A55: Texas | B55: 4790064 | C55: N/A | D55: N/A | E55: N/A
A56: Utah | B56: 381217 | C56: 76113 | D56: 75345 | E56: 768
A57: Vermont | B57: 181126 | C57: 65353 | D57: 0 | E57: 65353
A58: Virgin Islands | B58: 32763 | C58: 15813 | D58: N/A | E58: 15813
A59: Virginia * | B59: 1551653 | C59: 479830 | D59: 479830 | E59: 0
A60: Washington | B60: 1893534 | C60: 662497 | D60: 647089 | E60: 15408
A61: West Virginia | B61: 569178 | C61: 189640 | D61: 189640 | E61: 0
A62: Wisconsin | B62: 1342118 | C62: N/A | D62: N/A | E62: N/A
A63: Wyoming | B63: 62979 | C63: N/A | D63: N/A | E63: N/A
A64: Totals | B64: =SUM(B8:B63) -> 85021129 | C64: =SUM(C8:C63) -> 18365572 | D64: =SUM(D8:D63) -> 14624772 | E64: =SUM(E8:E63) -> 3740800
A66: * Awaiting state reporting/enrollment reasonableness review in progress
A68: Notes:
A69: 1. The “VIII GROUP” is also known as the “New Adult Group.”
A70: 2. The VIII Group is only applicable for states that have expanded their Medicaid programs by adopting the VIII Group. VIII Group expenditure information
A71: for the states that have not expanded their Medicaid program is noted as “N/A.”
A72: 3. Michigan expanded its Medicaid program by adopting the VIII Group on April 1, 2014.
A73: 4. New Hampshire expanded its Medicaid program by adopting the VIII Group on August 15, 2014.
A74: 5. Pennsylvania expanded its Medicaid program by adopting the VIII Group on January 1, 2015.
A75: 6. Indiana expanded its Medicaid program by adopting the VIII Group on February 1, 2015.
A76: 7. The Virgin Islands expanded its Medicaid program by adopting the VIII Group on June 1, 2015.
A77: 8. Alaska expanded its Medicaid program by adopting the VIII Group on September 1, 2015.
A78: 9. Montana expanded its Medicaid program by adopting the VIII Group on January 1, 2016.
... A83: 14. Utah expanded its Medicaid program by adopting VIII Group on January 1, 2020.

Sheet December-2020
A1: Total Medicaid Enrollees - VIII Group Break Out Report
A2: December-2020
A3: Updated May 2021
A4: Reported on the CMS-64
A7: State | B7: Total Medicaid Enrollees | C7: Total VIII Group Enrollees | D7: Total VIII Group Newly Eligible Enrollees | E7: Total VIII Group Not Newly Eligible Enrollees
A8: Alabama | B8: 1141138 | C8: N/A | D8: N/A | E8: N/A
A9: Alaska | B9: 226515 | C9: 63545 | D9: 63539 | E9: 6
A10: Amer. Samoa | B10: 37756 | C10: N/A | D10: N/A | E10: N/A
A11: Arizona | B11: 2094748 | C11: 549975 | D11: 164269 | E11: 385706
